instrumento,simbolo,descripcion,mercado,panel,ultimoPrecio,apertura,cierreAnterior,variacionDiaria,volumen,maximo,minimo,rango52SemanasMin,rango52SemanasMax,fechaHoraCotizacion,mepCclImplicito,fuente
"cedears","AAL","Cedear American Airlines Group","bcba",,"9040","8775","9040","4.56","0","9080","8765",,,"2026-04-24T19:59:53.700Z","1441.7863","/1/Titulos/AAL/CotizacionDetalle"
"cedears","AALC","Cedear American Airlines Group","bcba",,"5.93","5.81","5.93","2.06","0","0","0",,,"2026-04-24T13:34:03.723Z","1441.7863","/1/Titulos/AALC/CotizacionDetalle"
"cedears","AALD","Cedear American Airlines Group","bcba",,"6.27","6.25","6.27","4.32","0","6.45","6.22",,,"2026-04-24T19:48:38.017Z","1441.7863","/1/Titulos/AALD/CotizacionDetalle"
"cedears","AAP","Cedear Advance Auto Parts Inc","bcba",,"6240","6055","6240","1.38","0","6230","5950",,,"2026-04-24T19:55:24.127Z",,"/1/Titulos/AAP/CotizacionDetalle"
"cedears","AAPL","Cedear Apple Inc.","bcba",,"20240","20150","20240","0.14","0","20300","19980",,,"2026-04-24T19:59:29.703Z","1436.4798","/1/Titulos/AAPL/CotizacionDetalle"
"cedears","AAPLC","Cedear Apple Inc.","bcba",,"13.55","13.6","13.55","-0.73","0","13.6","13.6",,,"2026-04-24T16:16:27.810Z","1436.4798","/1/Titulos/AAPLC/CotizacionDetalle"
"cedears","AAPLD","Cedear Apple Inc.","bcba",,"14.09","14.17","14.09","-1.12","0","14.17","13.98",,,"2026-04-24T19:58:24.840Z","1436.4798","/1/Titulos/AAPLD/CotizacionDetalle"
"cedears","ABBV","Cedear Abbvie Inc.","bcba",,"29720","30100","29720","0","0","30100","29340",,,"2026-04-24T19:55:56.043Z","1429.5334","/1/Titulos/ABBV/CotizacionDetalle"
"cedears","ABBVC","Cedear Abbvie Inc.","bcba",,"21.56","21.3","21.56","0","0","0","0",,,"2026-04-24T04:00:20.407Z","1429.5334","/1/Titulos/ABBVC/CotizacionDetalle"
"cedears","ABBVD","Cedear Abbvie Inc.","bcba",,"20.79","21","20.79","0.19","0","21","20.62",,,"2026-04-24T19:29:47.167Z","1429.5334","/1/Titulos/ABBVD/CotizacionDetalle"
"cedears","ABEV","Cedear Ambev S.A.","bcba",,"12940","12800","12940","0","0","12980","12780",,,"2026-04-24T19:57:26.703Z","1382.4786","/1/Titulos/ABEV/CotizacionDetalle"
"cedears","ABEV3","Cedear Ambev S.A","bcba",,"4382.5","4330","4382.5","0.05","0","4372.5","4275",,,"2026-04-24T19:16:15.267Z",,"/1/Titulos/ABEV3/CotizacionDetalle"
"cedears","ABEVC","Cedear Ambev S.A.","bcba",,"9.3","9.3","9.3","0","0","0","0",,,"2026-04-24T04:01:08.907Z","1382.4786","/1/Titulos/ABEVC/CotizacionDetalle"
"cedears","ABEVD","Cedear Ambev S.A.","bcba",,"9.36","8.97","9.36","2.74","0","9.07","8.9",,,"2026-04-24T19:59:22.210Z","1382.4786","/1/Titulos/ABEVD/CotizacionDetalle"
"cedears","ABNB","Cedear Airbnb Inc.","bcba",,"14240","13740","14240","2.44","0","14240","13710",,,"2026-04-24T19:56:17.950Z","1436.9324","/1/Titulos/ABNB/CotizacionDetalle"
"cedears","ABNBC","Cedear Airbnb Inc.","bcba",,"9.43","9.64","9.43","-2.17","0","0","0",,,"2026-04-24T15:41:36.473Z","1436.9324","/1/Titulos/ABNBC/CotizacionDetalle"
"cedears","ABNBD","Cedear Airbnb Inc.","bcba",,"9.91","9.86","9.91","0.81","0","9.88","9.72",,,"2026-04-24T19:47:39.283Z","1436.9324","/1/Titulos/ABNBD/CotizacionDetalle"
"cedears","ABT","Cedear Abbott Laboratories","bcba",,"34100","34460","34100","-0.17","0","34460","33840",,,"2026-04-24T19:58:59.043Z","1438.8186","/1/Titulos/ABT/CotizacionDetalle"
"cedears","ABTC","Cedear Abbott Laboratories Esc","bcba",,"33","32.9975","33","0","0","0","0",,,"2026-04-24T04:00:51.907Z","1438.8186","/1/Titulos/ABTC/CotizacionDetalle"
"cedears","ABTD","Cedear Abbott Laboratories Esc","bcba",,"23.7","24.65","23.7","-1.7","0","24.65","23.7",,,"2026-04-24T19:27:54.947Z","1438.8186","/1/Titulos/ABTD/CotizacionDetalle"
"cedears","ACN","Cedear Accenture Plc","bcba",,"3575","3552.5","3575","1.41","0","3582.5","3470",,,"2026-04-24T19:58:36.793Z","1410.2564","/1/Titulos/ACN/CotizacionDetalle"
"cedears","ACNC","Cedear Accenture Plc","bcba",,"2.47","2.4","2.47","-1.78","0","2.4","2.4",,,"2026-04-24T18:13:40.533Z","1410.2564","/1/Titulos/ACNC/CotizacionDetalle"
"cedears","ACND","Cedear Accenture Plc","bcba",,"2.535","2.48","2.535","2.01","0","2.525","2.42",,,"2026-04-24T19:59:25.243Z","1410.2564","/1/Titulos/ACND/CotizacionDetalle"
"cedears","ACWI","Cedear Ishares Msci Acwi Etf","bcba",,"8675","8555","8675","2.17","0","8680","8520",,,"2026-04-24T19:56:27.647Z","1424.4663","/1/Titulos/ACWI/CotizacionDetalle"
"cedears","ACWID","Cedear Ishares Msci Acwi Etf","bcba",,"6.09","6.05","6.09","1.49","0","6.18","5.96",,,"2026-04-24T19:56:01.033Z","1424.4663","/1/Titulos/ACWID/CotizacionDetalle"
"cedears","ADBE","Cedear  Adobe Systems Incorporated","bcba",,"8340","8140","8340","3.99","0","8355","8065",,,"2026-04-24T19:59:45.777Z","1432.9897","/1/Titulos/ADBE/CotizacionDetalle"
"cedears","ADBEC","Cedear  Adobe Systems Incorporated","bcba",,"5.64","5.51","5.64","2.35","0","0","0",,,"2026-04-24T19:21:27.000Z","1432.9897","/1/Titulos/ADBEC/CotizacionDetalle"
"cedears","ADBED","Cedear  Adobe Systems Incorpor","bcba",,"5.82","5.65","5.82","2.46","0","5.82","5.65",,,"2026-04-24T19:55:30.080Z","1432.9897","/1/Titulos/ADBED/CotizacionDetalle"
"cedears","ADGO","Cedear Adecoagro S.A.","bcba",,"19060","19760","19060","-2.2","0","19760","18680",,,"2026-04-24T19:59:40.397Z","1429.8575","/1/Titulos/ADGO/CotizacionDetalle"
"cedears","ADGOD","Cedear Adecoagro S.A.","bcba",,"13.33","13.67","13.33","-3.54","0","13.67","13.06",,,"2026-04-24T19:58:09.717Z","1429.8575","/1/Titulos/ADGOD/CotizacionDetalle"
"cedears","ADI","Cedear Analog Devices Inc.","bcba",,"39880","40000","39880","0.6","0","40220","39600",,,"2026-04-24T19:56:44.597Z","1450.1818","/1/Titulos/ADI/CotizacionDetalle"
"cedears","ADID","Cedear Analog Devices Inc.","bcba",,"27.5","28.38","27.5","-2.82","0","28.38","28.25",,,"2026-04-24T17:48:23.840Z","1450.1818","/1/Titulos/ADID/CotizacionDetalle"
"cedears","ADP","Cedear Automatic Data Processi","bcba",,"48940","48560","48940","0.08","0","49260","48240",,,"2026-04-24T19:59:07.100Z",,"/1/Titulos/ADP/CotizacionDetalle"
"cedears","ADS","Cedear Adidas Ag","bcba",,"3980","3980","3980","0","0","3980","3980",,,"2026-04-24T04:00:30.610Z",,"/1/Titulos/ADS/CotizacionDetalle"
"cedears","AEG","Cedear Aegon N.V. American Reg","bcba",,"11950","11720","11950","2.04","0","12010","11720",,,"2026-04-24T19:34:29.177Z",,"/1/Titulos/AEG/CotizacionDetalle"
"cedears","AEM","Cedear Agnico Eagle Mines Limi","bcba",,"49660","49300","49660","1.34","0","49960","48980",,,"2026-04-24T19:45:39.643Z","1431.1239","/1/Titulos/AEM/CotizacionDetalle"
"cedears","AEMD","Cedear Agnico-Eagle Mines Limi","bcba",,"34.7","34.6","34.7","0.28","0","0","0",,,"2026-04-24T13:34:29.480Z","1431.1239","/1/Titulos/AEMD/CotizacionDetalle"
"cedears","AI","Cedear C3.Ai Inc","bcba",,"2577.5","2560","2577.5","3.55","0","2620","2502.5",,,"2026-04-24T19:58:30.943Z","1448.0337","/1/Titulos/AI/CotizacionDetalle"
"cedears","AIC","Cedear C3.Ai Inc","bcba",,"1.71","1.71","1.71","0","0","0","0",,,"2026-04-24T04:00:46.487Z","1448.0337","/1/Titulos/AIC/CotizacionDetalle"
"cedears","AID","Cedear C3.Ai Inc","bcba",,"1.78","1.8","1.78","-1.38","0","1.85","1.77",,,"2026-04-24T18:04:14.460Z","1448.0337","/1/Titulos/AID/CotizacionDetalle"
"cedears","AIG","Cedear American International","bcba",,"22440","22480","22440","-0.53","0","22700","22320",,,"2026-04-24T19:54:50.647Z","1402.5","/1/Titulos/AIG/CotizacionDetalle"
"cedears","AIGD","Cedear American International","bcba",,"16","16","16","0","0","0","0",,,"2026-04-24T04:01:00.067Z","1402.5","/1/Titulos/AIGD/CotizacionDetalle"
"cedears","AKO.B","Cedear Embotelladora Andina S.A","bcba",,"44500","44500","44500","4.31","0","44500","44500",,,"2026-04-24T16:45:27.200Z",,"/1/Titulos/AKO.B/CotizacionDetalle"
"cedears","AKOBD","Cedear Embotelladora Andina S.","bcba",,"29.86","29.86","29.86","0","0","0","0",,,"2026-04-24T04:00:30.567Z",,"/1/Titulos/AKOBD/CotizacionDetalle"
"cedears","ALAB","CEDEAR ASTERA LABS INC.","bcba",,"7245","6810","7245","9.77","0","7250","6810",,,"2026-04-24T19:59:59.040Z",,"/1/Titulos/ALAB/CotizacionDetalle"
"cedears","ALAD","Cedear Astera Labs Inc.","bcba",,"4.85","4.74","4.85","7.53","0","5.15","4.735",,,"2026-04-24T19:23:39.127Z",,"/1/Titulos/ALAD/CotizacionDetalle"
"cedears","AMAT","Cedear Applied Materials Inc.","bcba",,"124875","123475","124875","4.95","0","125550","122100",,,"2026-04-24T19:59:52.133Z","1415.8163","/1/Titulos/AMAT/CotizacionDetalle"
"cedears","AMATD","Cedear Applied Materials Inc.E","bcba",,"88.2","86","88.2","2.08","0","88.5","84.4",,,"2026-04-24T19:09:53.297Z","1415.8163","/1/Titulos/AMATD/CotizacionDetalle"
"cedears","AMD","Cedear Advanced Micro Devices,","bcba",,"52000","47340","52000","15.65","0","52550","47340",,,"2026-04-24T19:59:55.300Z",,"/1/Titulos/AMD/CotizacionDetalle"
"cedears","AMDC","Cedear Advanced Micro Devices,","bcba",,"32.85","31.29","32.85","4.98","0","0","0",,,"2026-04-24T14:14:35.993Z",,"/1/Titulos/AMDC/CotizacionDetalle"
"cedears","AMDD","Cedear Advanced Micro Devices,","bcba",,"35.13","33.24","35.13","11.66","0","36.64","33.24",,,"2026-04-24T19:59:25.053Z",,"/1/Titulos/AMDD/CotizacionDetalle"
"cedears","AMGN","Cedear Amgen Inc.","bcba",,"17250","17150","17250","0.58","0","17320","16970",,,"2026-04-24T19:54:09.873Z","1455.6962","/1/Titulos/AMGN/CotizacionDetalle"
"cedears","AMGND","Cedear Amgen Inc.","bcba",,"11.85","11.89","11.85","-3.02","0","11.89","11.89",,,"2026-04-24T15:55:15.623Z","1455.6962","/1/Titulos/AMGND/CotizacionDetalle"
"cedears","AMX","Cedear America Movil Sab De Cv","bcba",,"39880","39180","39880","3.2","0","39860","39180",,,"2026-04-24T19:55:06.083Z","1448.6015","/1/Titulos/AMX/CotizacionDetalle"
"cedears","AMXD","Cedear America Movil Sab De Cv","bcba",,"27.53","27.53","27.53","2.03","0","27.53","27.53",,,"2026-04-24T17:03:23.427Z","1448.6015","/1/Titulos/AMXD/CotizacionDetalle"
"cedears","AMZN","Cedear Amazon.Com, Inc","bcba",,"2735","2650","2735","5.09","0","2740","2640",,,"2026-04-24T19:59:57.130Z","1439.4737","/1/Titulos/AMZN/CotizacionDetalle"
"cedears","AMZNC","Cedear Amazon.Com, Inc","bcba",,"1.855","1.8","1.855","4.5","0","1.835","1.795",,,"2026-04-24T19:59:23.593Z","1439.4737","/1/Titulos/AMZNC/CotizacionDetalle"
"cedears","AMZND","Cedear Amazon.Com, Inc","bcba",,"1.9","1.845","1.9","4.1","0","1.9","1.845",,,"2026-04-24T19:57:40.047Z","1439.4737","/1/Titulos/AMZND/CotizacionDetalle"
"cedears","ANF","Cedear Abercrombie & Fitch Co.","bcba",,"130500","133750","130500","-0.85","0","133750","129700",,,"2026-04-24T19:58:08.873Z","1383.8812","/1/Titulos/ANF/CotizacionDetalle"
"cedears","ANFD","Cedear Abercrombie & Fitch Co.","bcba",,"94.3","94.3","94.3","0","0","0","0",,,"2026-04-24T04:00:32.450Z","1383.8812","/1/Titulos/ANFD/CotizacionDetalle"
"cedears","ARCO","Cedear Arcos Dorados Holdings","bcba",,"27580","27280","27580","1.17","0","27600","27120",,,"2026-04-24T19:56:40.693Z","1453.1085","/1/Titulos/ARCO/CotizacionDetalle"
"cedears","ARCOC","Cedear Arcos Dorados Holdings","bcba",,"19.31","18.07","19.31","0","0","0","0",,,"2026-04-24T04:00:44.140Z","1453.1085","/1/Titulos/ARCOC/CotizacionDetalle"
"cedears","ARCOD","Cedear Arcos Dorados Holdings","bcba",,"18.98","18.97","18.98","-3.85","0","19.1","18.97",,,"2026-04-24T19:31:40.633Z","1453.1085","/1/Titulos/ARCOD/CotizacionDetalle"
"cedears","ARKK","Cedear Ark Innovetion","bcba",,"11410","11420","11410","0.88","0","11540","11330",,,"2026-04-24T19:56:19.157Z","1440.6566","/1/Titulos/ARKK/CotizacionDetalle"
"cedears","ARKKC","Cedear Ark Innovetion","bcba",,"7.62","7.62","7.62","0","0","0","0",,,"2026-04-24T04:00:31.107Z","1440.6566","/1/Titulos/ARKKC/CotizacionDetalle"
"cedears","ARKKD","Cedear Ark Innovetion","bcba",,"7.92","8.19","7.92","-1.36","0","8.19","7.91",,,"2026-04-24T19:35:40.903Z","1440.6566","/1/Titulos/ARKKD/CotizacionDetalle"
"cedears","ARM","Cedear Arm Holdings Plc","bcba",,"12800","11510","12800","16.89","0","13400","11510",,,"2026-04-24T19:58:09.007Z","1471.2644","/1/Titulos/ARM/CotizacionDetalle"
"cedears","ARMD","Cedear Arm Holdings Plc","bcba",,"8.7","8.43","8.7","10.26","0","9.2","8",,,"2026-04-24T19:38:17.867Z","1471.2644","/1/Titulos/ARMD/CotizacionDetalle"
"cedears","ASML","Cedear Asml Holding Nv","bcba",,"14960","14820","14960","4.54","0","15060","14700",,,"2026-04-24T19:59:23.287Z","1438.4615","/1/Titulos/ASML/CotizacionDetalle"
"cedears","ASMLC","Cedear Asml Holding Nv","bcba",,"10.01","10","10.01","3.19","0","10.05","10",,,"2026-04-24T18:18:51.583Z","1438.4615","/1/Titulos/ASMLC/CotizacionDetalle"
"cedears","ASMLD","Cedear Asml Holding Nv","bcba",,"10.4","10.47","10.4","2.66","0","10.59","10.31",,,"2026-04-24T19:55:17.680Z","1438.4615","/1/Titulos/ASMLD/CotizacionDetalle"
"cedears","ASR","Cedear Grupo Aeroportuario Del Sureste","bcba",,"23880","22850","23880","3.33","0","24040","22630",,,"2026-04-24T19:55:00.403Z",,"/1/Titulos/ASR/CotizacionDetalle"
"cedears","ASTS","CEDEAR AST SPACEMOBILE INC.","bcba",,"7635","7800","7635","-1.61","0","7810","7580",,,"2026-04-24T19:59:37.657Z","1440.566","/1/Titulos/ASTS/CotizacionDetalle"
"cedears","ASTSC","Cedear Ast Spacemobile Inc.","bcba",,"5.74","5.74","5.74","0","0","0","0",,,"2026-04-24T04:01:09.857Z","1440.566","/1/Titulos/ASTSC/CotizacionDetalle"
"cedears","ASTSD","Cedear Ast Spacemobile Inc.","bcba",,"5.3","5.48","5.3","-3.1","0","5.5","5.3",,,"2026-04-24T19:48:37.487Z","1440.566","/1/Titulos/ASTSD/CotizacionDetalle"
"cedears","AVGO","Cedear Broadcom Inc.","bcba",,"16210","16030","16210","2.07","0","16230","15600",,,"2026-04-24T19:59:03.907Z","1453.8117","/1/Titulos/AVGO/CotizacionDetalle"
"cedears","AVGOC","Cedear Broadcom Inc.","bcba",,"10.8","10.79","10.8","-0.91","0","10.8","10.79",,,"2026-04-24T19:12:37.340Z","1453.8117","/1/Titulos/AVGOC/CotizacionDetalle"
"cedears","AVGOD","Cedear Broadcom Inc.","bcba",,"11.15","11.39","11.15","-0.71","0","11.39","10.92",,,"2026-04-24T19:57:12.543Z","1453.8117","/1/Titulos/AVGOD/CotizacionDetalle"
"cedears","AVY","Cedear Avery Dennison Corporation","bcba",,"13780","13770","13780","1.02","0","13830","13770",,,"2026-04-24T19:43:19.773Z","1465.9574","/1/Titulos/AVY/CotizacionDetalle"
"cedears","AVYD","Cedear Avery Dennison Corporation","bcba",,"9.4","9.65","9.4","0","0","0","0",,,"2026-04-24T04:00:48.743Z","1465.9574","/1/Titulos/AVYD/CotizacionDetalle"
"cedears","AXIA","Cedear Axia Energia","bcba",,"74850","74425","74850","0.46","0","74425","74425",,,"2026-04-24T18:21:42.010Z","7485000","/1/Titulos/AXIA/CotizacionDetalle"
"cedears","AXIAD","Cedear Axia Energia","bcba",,"0.01","0.01","0.01","0","0","0","0",,,"2026-04-24T04:00:44.250Z","7485000","/1/Titulos/AXIAD/CotizacionDetalle"
"cedears","AXP","Cedear American Express Compan","bcba",,"31380","31320","31380","0.25","0","31460","31020",,,"2026-04-24T19:58:34.157Z","1413.5135","/1/Titulos/AXP/CotizacionDetalle"
"cedears","AXPC","Cedear American Express Compan","bcba",,"22.3","21.83","22.3","0","0","0","0",,,"2026-04-24T04:00:51.057Z","1413.5135","/1/Titulos/AXPC/CotizacionDetalle"
"cedears","AXPD","Cedear American Express Compan","bcba",,"22.2","22.51","22.2","0.68","0","22.51","21.7",,,"2026-04-24T19:49:34.593Z","1413.5135","/1/Titulos/AXPD/CotizacionDetalle"
"cedears","AZN","Cedear Astrazeneca Plc","bcba",,"70875","70525","70875","-0.63","0","70800","70050",,,"2026-04-24T19:56:34.830Z","1445.8384","/1/Titulos/AZN/CotizacionDetalle"
"cedears","AZNC","Cedear Aztrazeneca Plc -Adr","bcba",,"51.6","49.59","51.6","4.05","0","0","0",,,"2026-04-08T13:58:40.130Z","1445.8384","/1/Titulos/AZNC/CotizacionDetalle"
"cedears","AZND","Cedear Aztrazeneca Plc Adr","bcba",,"49.02","49.14","49.02","-1.95","0","49.14","48.97",,,"2026-04-24T19:31:22.780Z","1445.8384","/1/Titulos/AZND/CotizacionDetalle"
"cedears","B","Cedear Barrick Mining Corporation","bcba",,"30740","29760","30740","3.78","0","30780","29700",,,"2026-04-24T19:59:00.167Z","1446.5882","/1/Titulos/B/CotizacionDetalle"
"cedears","B.C","Cedear Barrick Mining Corporation","bcba",,"20.06","20.29","20.06","0","0","20.29","20.29",,,"2026-04-24T04:00:29.120Z","1446.5882","/1/Titulos/B.C/CotizacionDetalle"
"cedears","B.D","Cedear Barrick Mining Corporation","bcba",,"21.25","20.79","21.25","2.11","0","21.45","20.79",,,"2026-04-24T19:57:24.703Z","1446.5882","/1/Titulos/B.D/CotizacionDetalle"
"cedears","BA","Cedear The Boeing Company","bcba",,"14520","14540","14520","0.83","0","14640","14390",,,"2026-04-24T19:55:48.500Z","1431.9527","/1/Titulos/BA/CotizacionDetalle"
"cedears","BA.C","Cedear Bank Of America Corpora","bcba",,"19460","19380","19460","0.56","0","19530","19250",,,"2026-04-24T19:57:33.607Z","1431.9527","/1/Titulos/BA.C/CotizacionDetalle"
"cedears","BA.CC","Cedear Bank Of America Corpora","bcba",,"12.98","13.27","12.98","-2.18","0","0","0",,,"2026-04-24T16:50:27.730Z",,"/1/Titulos/BA.CC/CotizacionDetalle"
"cedears","BA.CD","Cedear Bank Of America Corp.","bcba",,"13.55","13.55","13.55","-0.51","0","13.79","13.46",,,"2026-04-24T18:37:04.333Z",,"/1/Titulos/BA.CD/CotizacionDetalle"
"cedears","BABA","Cedear Alibaba Group Holding L","bcba",,"22580","21810","22580","4.73","0","22640","21810",,,"2026-04-24T19:59:10.007Z","1438.2166","/1/Titulos/BABA/CotizacionDetalle"
"cedears","BABAC","Cedear Alibaba Group Holding","bcba",,"15","15","15","0","0","15","15",,,"2026-04-24T04:00:18.630Z","1438.2166","/1/Titulos/BABAC/CotizacionDetalle"
"cedears","BABAD","Cedear Alibaba Group Holding","bcba",,"15.7","15.31","15.7","3.22","0","15.75","15.31",,,"2026-04-24T19:59:25.943Z","1438.2166","/1/Titulos/BABAD/CotizacionDetalle"
"cedears","BAC","Cedear The Boeing Company","bcba",,"9.5","9.5","9.5","0","0","9.5","9.5",,,"2026-04-24T04:00:50.950Z","1431.9527","/1/Titulos/BAC/CotizacionDetalle"
"cedears","BAD","Cedear The Boeing Company","bcba",,"10.14","10.14","10.14","0.19","0","10.14","10.03",,,"2026-04-24T19:47:16.110Z","1431.9527","/1/Titulos/BAD/CotizacionDetalle"
"cedears","BAK","Cedear Braskem Sa","bcba",,"2550","2500","2550","4.5","0","2585","2401",,,"2026-04-24T19:59:43.157Z","1457.1429","/1/Titulos/BAK/CotizacionDetalle"
"cedears","BAKD","Cedear Braskem Sa","bcba",,"1.75","1.73","1.75","0","0","1.73","1.73",,,"2026-04-24T17:24:52.840Z","1457.1429","/1/Titulos/BAKD/CotizacionDetalle"
"cedears","BB","Cedear Blackberry","bcba",,"2515","2612.5","2515","-2.51","0","2655","2457",,,"2026-04-24T19:58:37.900Z","0.4252","/1/Titulos/BB/CotizacionDetalle"
"cedears","BB.D","Cedear Blackberry","bcba",,"1.905","1.82","1.905","0","0","1.925","1.82",,,"2026-04-24T04:00:50.930Z","0.4252","/1/Titulos/BB.D/CotizacionDetalle"
"cedears","BBAS3","Cedear Banco Do Brasil S.A.","bcba",,"3412.5","3287.5","3412.5","0.96","0","3427.5","3287.5",,,"2026-04-24T19:33:14.227Z",,"/1/Titulos/BBAS3/CotizacionDetalle"
"cedears","BBD","Cedear Banco Bradesco S.A.","bcba",,"5915","5830","5915","1.37","0","5910","5775",,,"2026-04-24T19:56:57.767Z","0.4252","/1/Titulos/BBD/CotizacionDetalle"
"cedears","BBDC","Cedear Banco Bradesco S.A.","bcba",,"4.2","4.265","4.2","0","0","4.265","4.265",,,"2026-04-24T04:00:18.687Z",,"/1/Titulos/BBDC/CotizacionDetalle"
"cedears","BBDC3","Cedear Banco Bradesco S.A.","bcba",,"5155","5000","5155","2.28","0","5165","5000",,,"2026-04-24T19:32:46.113Z",,"/1/Titulos/BBDC3/CotizacionDetalle"
"cedears","BBDCD","Cedear Banco Bradesco S.A.","bcba",,"3","3","3","0","0","0","0",,,"2026-04-24T04:00:42.237Z",,"/1/Titulos/BBDCD/CotizacionDetalle"
"cedears","BBDD","Cedear Banco Bradesco S.A.","bcba",,"4.1","4.17","4.1","-0.12","0","4.17","4.06",,,"2026-04-24T19:51:32.650Z",,"/1/Titulos/BBDD/CotizacionDetalle"
"cedears","BBV","Cedear Banco Bilbao Vizcaya Sp","bcba",,"32600","32200","32600","2.58","0","32700","32200",,,"2026-04-24T19:36:15.530Z","1406.3848","/1/Titulos/BBV/CotizacionDetalle"
"cedears","BBVD","Cedear Banco Bilbao Vizcaya Sp","bcba",,"23.18","23.18","23.18","0","0","0","0",,,"2026-04-24T04:00:31.930Z","1406.3848","/1/Titulos/BBVD/CotizacionDetalle"
"cedears","BCS","Cedear Barclays Bank Plc Adr","bcba",,"34320","33640","34320","2.26","0","34320","33640",,,"2026-04-24T19:42:41.037Z",,"/1/Titulos/BCS/CotizacionDetalle"
"cedears","BHP","Cedear Bhp Billiton Limited","bcba",,"59625","58800","59625","0.93","0","59775","58800",,,"2026-04-24T19:55:00.710Z","1440.5654","/1/Titulos/BHP/CotizacionDetalle"
"cedears","BHPD","Cedear Bhp Billiton Limited","bcba",,"41.39","39.89","41.39","-1.4","0","41.61","39.89",,,"2026-04-24T19:54:10.907Z","1440.5654","/1/Titulos/BHPD/CotizacionDetalle"
"cedears","BIDU","Cedear Baidu, Inc.","bcba",,"17530","16500","17530","7.54","0","17560","16450",,,"2026-04-24T19:59:57.623Z","1460.8333","/1/Titulos/BIDU/CotizacionDetalle"
"cedears","BIDUC","Cedear Baidu, Inc.","bcba",,"11.73","10.96","11.73","7.02","0","0","0",,,"2026-04-24T18:13:22.300Z","1460.8333","/1/Titulos/BIDUC/CotizacionDetalle"
"cedears","BIDUD","Cedear Baidu, Inc.","bcba",,"12","11.49","12","4.52","0","12.2","11.49",,,"2026-04-24T19:59:50.143Z","1460.8333","/1/Titulos/BIDUD/CotizacionDetalle"
"cedears","BIIB","Cedear Biogen Inc.","bcba",,"21170","21070","21170","-0.65","0","21180","21030",,,"2026-04-24T19:52:10.243Z","1416.0535","/1/Titulos/BIIB/CotizacionDetalle"
"cedears","BIIBD","Cedear Biogen Inc.","bcba",,"14.95","14.95","14.95","-2.73","0","14.95","14.95",,,"2026-04-24T19:47:22.440Z","1416.0535","/1/Titulos/BIIBD/CotizacionDetalle"
"cedears","BIOX","Cedear Bioceres Crop Solutions","bcba",,"825","918.5","825","-5.98","0","918.5","820",,,"2026-04-24T19:59:56.637Z","1422.4138","/1/Titulos/BIOX/CotizacionDetalle"
"cedears","BIOXC","Cedear Bioceres Crop Solutions","bcba",,"0.553","0.593","0.553","-7.67","0","0.598","0.559",,,"2026-04-24T19:43:08.033Z","1422.4138","/1/Titulos/BIOXC/CotizacionDetalle"
"cedears","BIOXD","Cedear Bioceres Crop Solutions","bcba",,"0.58","0.618","0.58","-6.3","0","0.623","0.571",,,"2026-04-24T19:56:24.713Z","1422.4138","/1/Titulos/BIOXD/CotizacionDetalle"
"cedears","BK","Cedear The Bank Of New York Mellon Corp.","bcba",,"100550","100225","100550","0.72","0","100425","100150",,,"2026-04-24T19:13:37.643Z","1410.2384","/1/Titulos/BK/CotizacionDetalle"
"cedears","BKD","Cedear The Bank Of New York Mellon Corp.","bcba",,"71.3","70","71.3","1.85","0","0","0",,,"2026-04-24T19:11:15.477Z","1410.2384","/1/Titulos/BKD/CotizacionDetalle"
"cedears","BKNG","Cedear Booking Holdings Inc.","bcba",,"405.5","390","405.5","2.91","0","420","390",,,"2026-04-24T19:54:14.983Z","1448.2143","/1/Titulos/BKNG/CotizacionDetalle"
"cedears","BKNGD","Cedear Booking Holdings Inc.","bcba",,"0.28","0.288","0.28","-0.7","0","0.296","0.28",,,"2026-04-24T19:39:22.230Z","1448.2143","/1/Titulos/BKNGD/CotizacionDetalle"
"cedears","BKR","Cedear Baker Hughes Co.","bcba",,"13810","13600","13810","1.54","0","14660","13600",,,"2026-04-24T19:40:17.210Z","1353.9216","/1/Titulos/BKR/CotizacionDetalle"
"cedears","BKRD","Cedear Baker Hughes Co.","bcba",,"10.2","9.9","10.2","4.29","0","10.2","9.44",,,"2026-04-24T19:49:41.023Z","1353.9216","/1/Titulos/BKRD/CotizacionDetalle"
"cedears","BMNR","Cedear Bitmine Inmersion Technologies Inc","bcba",,"4122.5","4112.5","4122.5","1.79","0","4185","4022.5",,,"2026-04-24T19:56:48.533Z","1392.7365","/1/Titulos/BMNR/CotizacionDetalle"
"cedears","BMNRD","CEDEAR BITMINE INMERSION TECHNOLOGIES INC","bcba",,"2.96","2.96","2.96","0","0","0","0",,,"2026-04-24T14:14:03.053Z","1392.7365","/1/Titulos/BMNRD/CotizacionDetalle"
"cedears","BMY","Cedear Bristol-Myers Squibb Co","bcba",,"29360","29140","29360","1.31","0","29400","28980",,,"2026-04-24T19:52:20.907Z","1432.1951","/1/Titulos/BMY/CotizacionDetalle"
"cedears","BMYD","Cedear Bristol M. Squibb Co.","bcba",,"20.5","20.85","20.5","0","0","20.85","20.85",,,"2026-04-24T04:00:23.093Z","1432.1951","/1/Titulos/BMYD/CotizacionDetalle"
"cedears","BNG","Cedear Bunge Limited","bcba",,"37080","37300","37080","-0.69","0","37300","37040",,,"2026-04-24T19:34:26.260Z","1408.2795","/1/Titulos/BNG/CotizacionDetalle"
"cedears","BNGD","Cedear Bunge Limited","bcba",,"26.33","25.59","26.33","1.58","0","25.59","25.59",,,"2026-04-24T15:09:25.897Z","1408.2795","/1/Titulos/BNGD/CotizacionDetalle"
"cedears","BP","Cedear Bp P.L.C.","bcba",,"13760","13650","13760","0.87","0","13810","13650",,,"2026-04-24T19:50:21.243Z","1420.0206","/1/Titulos/BP/CotizacionDetalle"
"cedears","BPA11","Cedear Banco Btg Pactual S.A.","bcba",,"18070","18150","18070","-1.41","0","18150","18150",,,"2026-04-24T18:37:01.307Z",,"/1/Titulos/BPA11/CotizacionDetalle"
"cedears","BPC","Cedear Bp P.L.C.","bcba",,"9.67","9.67","9.67","0","0","0","0",,,"2026-04-24T04:01:13.047Z","1420.0206","/1/Titulos/BPC/CotizacionDetalle"
"cedears","BPD","Cedear Bp P.L.C.","bcba",,"9.69","9.66","9.69","0","0","9.66","9.66",,,"2026-04-24T04:00:28.820Z","1420.0206","/1/Titulos/BPD/CotizacionDetalle"
"cedears","BRKB","Cedear Berkshire Hathaway Inc.","bcba",,"31940","31700","31940","0.82","0","32000","31400",,,"2026-04-24T19:59:34.187Z","1440.0361","/1/Titulos/BRKB/CotizacionDetalle"
"cedears","BRKBC","Cedear Berkshire Hathaway Inc.","bcba",,"21.41","21.27","21.41","-0.32","0","21.29","21.27",,,"2026-04-24T19:00:16.957Z","1440.0361","/1/Titulos/BRKBC/CotizacionDetalle"
"cedears","BRKBD","Cedear Berkshire Hathaway Inc.","bcba",,"22.18","22.14","22.18","-0.53","0","22.31","21.8",,,"2026-04-24T19:56:55.417Z","1440.0361","/1/Titulos/BRKBD/CotizacionDetalle"
"cedears","BSBR","Cedear Banco Santander (Brasil)","bcba",,"8890","8760","8890","1.48","0","8945","8760",,,"2026-04-24T19:55:20.903Z",,"/1/Titulos/BSBR/CotizacionDetalle"
"cedears","BX","Cedear Blackstone Inc","bcba",,"6045","6010","6045","1.34","0","6090","6010",,,"2026-04-24T19:34:34.540Z","1394.4637","/1/Titulos/BX/CotizacionDetalle"
"cedears","BXD","CEDEAR BLACKSTONE INC","bcba",,"4.335","4.315","4.335","-6.97","0","4.37","4.315",,,"2026-04-24T19:06:20.637Z","1394.4637","/1/Titulos/BXD/CotizacionDetalle"
"cedears","C","Cedear Citigroup","bcba",,"63775","63125","63775","1.06","0","64025","63125",,,"2026-04-24T19:32:13.647Z","1458.381","/1/Titulos/C/CotizacionDetalle"
"cedears","C.D","Cedear Citigroup","bcba",,"44.2","45.09","44.2","0.45","0","45.09","44.5",,,"2026-04-24T19:31:41.847Z","1458.381","/1/Titulos/C.D/CotizacionDetalle"
"cedears","CAAP","Cedear Corporacion America Air","bcba",,"149800","152775","149800","1.71","0","152800","147825",,,"2026-04-24T19:56:14.617Z","1403.2787","/1/Titulos/CAAP/CotizacionDetalle"
"cedears","CAAPD","Cedear Corporacion America Air","bcba",,"106.75","107","106.75","-0.23","0","0","0",,,"2026-04-24T13:48:14.753Z","1403.2787","/1/Titulos/CAAPD/CotizacionDetalle"
"cedears","CAH","Cedear Cardinal Health Inc.","bcba",,"99225","100200","99225","-1.8","0","100725","98975",,,"2026-04-24T19:42:15.813Z","1366.7355","/1/Titulos/CAH/CotizacionDetalle"
"cedears","CAHD","Cedear Cardinal Health Inc.","bcba",,"72.6","71.6","72.6","1.39","0","0","0",,,"2026-04-24T13:41:11.127Z","1366.7355","/1/Titulos/CAHD/CotizacionDetalle"
"cedears","CAR","Cedear Avis Budget Group Inc","bcba",,"11690","13620","11690","-9.93","0","13670","11680",,,"2026-04-24T19:59:03.937Z","1317.9256","/1/Titulos/CAR/CotizacionDetalle"
"cedears","CAR.C","Cedear Avis Budget Group Inc","bcba",,"0.13","0.13","0.13","0","0","0","0",,,"2026-04-24T04:00:59.350Z","1317.9256","/1/Titulos/CAR.C/CotizacionDetalle"
"cedears","CAR.D","Cedear Avis Budget Group Inc","bcba",,"8.87","8.9","8.87","-67.85","0","8.9","8.87",,,"2026-04-24T18:13:46.650Z","1317.9256","/1/Titulos/CAR.D/CotizacionDetalle"
"cedears","CAT","Cedear Caterpillar Inc.","bcba",,"62225","61875","62225","0.93","0","62525","61450",,,"2026-04-24T19:56:20.527Z","1446.7566","/1/Titulos/CAT/CotizacionDetalle"
"cedears","CATC","Cedear Caterpillar Inc.","bcba",,"41.57","39.7145","41.57","4.67","0","0","0",,,"2026-04-24T15:20:28.760Z","1446.7566","/1/Titulos/CATC/CotizacionDetalle"
"cedears","CATD","Cedear Caterpillar Inc.","bcba",,"43.01","43.78","43.01","-0.92","0","43.78","42.87",,,"2026-04-24T19:39:46.927Z","1446.7566","/1/Titulos/CATD/CotizacionDetalle"
"cedears","CC","Cedear Citigroup","bcba",,"43.73","42.66","43.73","0","0","0","0",,,"2026-04-24T04:01:13.033Z","1458.381","/1/Titulos/CC/CotizacionDetalle"
"cedears","CCL","Cedear Carnival Corp.","bcba",,"13500","13220","13500","3.52","0","13570","13150",,,"2026-04-24T19:46:46.550Z","1440.7684","/1/Titulos/CCL/CotizacionDetalle"
"cedears","CCLC","Cedear Carnival Corp.","bcba",,"8.4","9.95","8.4","0","0","0","0",,,"2026-04-24T04:01:12.957Z","1440.7684","/1/Titulos/CCLC/CotizacionDetalle"
"cedears","CCLD","Cedear Carnival Corp.","bcba",,"9.37","9.37","9.37","0","0","9.37","9.37",,,"2026-04-24T04:01:07.463Z","1440.7684","/1/Titulos/CCLD/CotizacionDetalle"
"cedears","CDE","Cedear Coeur D'alene Mines Cor","bcba",,"28660","28000","28660","3.01","0","28860","27940",,,"2026-04-24T19:55:00.213Z","1093.8931","/1/Titulos/CDE/CotizacionDetalle"
"cedears","CDED","Cedear Coeur D'alene Mines Cor","bcba",,"26.2","25.95","26.2","0","0","25.95","25.95",,,"2026-04-24T04:00:59.563Z","1093.8931","/1/Titulos/CDED/CotizacionDetalle"
"cedears","CEG","Cedear Constellation Energy Corporation","bcba",,"10410","9590","10410","8.49","0","10450","9590",,,"2026-04-24T19:59:37.027Z","1424.0766","/1/Titulos/CEG/CotizacionDetalle"
"cedears","CEGD","Cedear Constellation Energy Co","bcba",,"7.31","6.86","7.31","8.29","0","7.35","6.86",,,"2026-04-24T19:50:55.510Z","1424.0766","/1/Titulos/CEGD/CotizacionDetalle"
"cedears","CIBR","Cedear First Trust Nasdaq Cybe","bcba",,"10070","9950","10070","2.4","0","10090","9795",,,"2026-04-24T19:57:59.573Z","1432.4324","/1/Titulos/CIBR/CotizacionDetalle"
"cedears","CIBRD","Cedear First Trust Nasdaq Cybe","bcba",,"7.03","6.9","7.03","0.44","0","7.15","6.74",,,"2026-04-24T19:29:51.280Z","1432.4324","/1/Titulos/CIBRD/CotizacionDetalle"
"cedears","CL","Cedear Colgate Palmolive Compa","bcba",,"42280","41980","42280","2.22","0","42280","41800",,,"2026-04-24T19:53:52.333Z","1426.4507","/1/Titulos/CL/CotizacionDetalle"
"cedears","CLD","Cedear Colgate Palmolive","bcba",,"29.64","30","29.64","0.91","0","30","28.5",,,"2026-04-24T19:53:18.947Z","1426.4507","/1/Titulos/CLD/CotizacionDetalle"
"cedears","CLS","Cedear Celestica Inc","bcba",,"30900","30060","30900","6.69","0","31220","30060",,,"2026-04-24T19:59:37.060Z","1474.9403","/1/Titulos/CLS/CotizacionDetalle"
"cedears","CLSD","Cedear Celestica Inc","bcba",,"20.95","21.02","20.95","4.28","0","21.77","20.9",,,"2026-04-24T19:29:16.037Z","1474.9403","/1/Titulos/CLSD/CotizacionDetalle"
"cedears","COIN","Cedear Coinbase Global Inc.","bcba",,"11030","10990","11030","2.22","0","11170","10840",,,"2026-04-24T19:59:10.007Z","1430.6096","/1/Titulos/COIN/CotizacionDetalle"
"cedears","COINC","Cedear Coinbase Global Inc.","bcba",,"7.39","7.39","7.39","0","0","7.39","7.39",,,"2026-04-24T04:00:22.007Z","1430.6096","/1/Titulos/COINC/CotizacionDetalle"
"cedears","COIND","Cedear Coinbase Global Inc.","bcba",,"7.71","7.71","7.71","1.58","0","7.78","7.57",,,"2026-04-24T19:45:26.420Z","1430.6096","/1/Titulos/COIND/CotizacionDetalle"
"cedears","COPX","CEDEAR GLOBAL X COPPER MINERS ETF","bcba",,"8805","8685","8805","0.91","0","8840","8685",,,"2026-04-24T19:59:45.973Z","1448.1908","/1/Titulos/COPX/CotizacionDetalle"
"cedears","COPXC","Cedear Global X Copper Miners Etf","bcba",,"6","5.26","6","0","0","0","0",,,"2026-04-24T04:01:15.610Z","1448.1908","/1/Titulos/COPXC/CotizacionDetalle"
"cedears","COPXD","Cedear Global X Copper Miners Etf","bcba",,"6.08","6.25","6.08","0.49","0","6.25","5.95",,,"2026-04-24T19:59:45.183Z","1448.1908","/1/Titulos/COPXD/CotizacionDetalle"
"cedears","COST","Cedear Costco Wholsale Corp.","bcba",,"31460","31040","31460","0.83","0","31560","31040",,,"2026-04-24T19:58:45.880Z","1435.219","/1/Titulos/COST/CotizacionDetalle"
"cedears","COSTC","Cedear Costco Wholsale Corp.","bcba",,"20.78","21.3","20.78","0","0","0","0",,,"2026-04-24T04:00:51.763Z","1435.219","/1/Titulos/COSTC/CotizacionDetalle"
"cedears","COSTD","Cedear Costco Wholsale Corp.Es","bcba",,"21.92","21.7","21.92","0.18","0","21.93","21.67",,,"2026-04-24T18:02:49.093Z","1435.219","/1/Titulos/COSTD/CotizacionDetalle"
"cedears","CRM","Cedear Salesforce Inc","bcba",,"14820","14320","14820","4.07","0","14860","14320",,,"2026-04-24T19:59:47.037Z","1427.7457","/1/Titulos/CRM/CotizacionDetalle"
"cedears","CRMC","Cedear Salesforce Inc","bcba",,"10.54","10.54","10.54","0","0","0","0",,,"2026-04-24T04:00:44.217Z","1427.7457","/1/Titulos/CRMC/CotizacionDetalle"
"cedears","CRMD","Cedear Salesforce Inc","bcba",,"10.38","10.15","10.38","3.07","0","10.44","10.08",,,"2026-04-24T19:50:38.417Z","1427.7457","/1/Titulos/CRMD/CotizacionDetalle"
"cedears","CRWV","CEDEAR COREWEAVE INC.","bcba",,"6090","6430","6090","-5.21","0","6435","5865",,,"2026-04-24T19:57:54.757Z","1368.5393","/1/Titulos/CRWV/CotizacionDetalle"
"cedears","CRWVD","Cedear Coreweave Inc.","bcba",,"4.45","4.45","4.45","-1.54","0","4.45","4.03",,,"2026-04-24T19:52:31.673Z","1368.5393","/1/Titulos/CRWVD/CotizacionDetalle"
"cedears","CSCO","Cedear Cisco Systems Inc","bcba",,"26600","26080","26600","1.52","0","26800","26060",,,"2026-04-24T19:56:18.607Z","1426.2735","/1/Titulos/CSCO/CotizacionDetalle"
"cedears","CSCOC","Cedear Cisco Systems Inc.Escri","bcba",,"17","13.826","17","0","0","0","0",,,"2026-04-24T04:00:51.907Z","1426.2735","/1/Titulos/CSCOC/CotizacionDetalle"
"cedears","CSCOD","Cedear Cisco Systems Inc.Escri","bcba",,"18.65","18.11","18.65","1.63","0","18.7","18.11",,,"2026-04-24T19:31:30.160Z","1426.2735","/1/Titulos/CSCOD/CotizacionDetalle"
"cedears","CSNA3","Cedear Companhia Siderurgica Nacional","bcba",,"2092","1905","2092","8.5","0","2090","1856",,,"2026-04-24T19:48:17.113Z",,"/1/Titulos/CSNA3/CotizacionDetalle"
"cedears","CVS","Cedear Cvs Health Corp.","bcba",,"7710","8000","7710","-1.28","0","8000","7505",,,"2026-04-24T19:59:19.530Z","1446.5291","/1/Titulos/CVS/CotizacionDetalle"
"cedears","CVSD","Cedear Cvs Health Corp.","bcba",,"5.33","5.45","5.33","-1.66","0","5.46","5.23",,,"2026-04-24T19:54:54.120Z","1446.5291","/1/Titulos/CVSD/CotizacionDetalle"
"cedears","CVX","Cedear Chevron Corp.","bcba",,"17320","17100","17320","-0.11","0","17310","17010",,,"2026-04-24T19:59:08.357Z","1443.3333","/1/Titulos/CVX/CotizacionDetalle"
"cedears","CVXC","Cedear Chevron Corp.","bcba",,"11.71","11.71","11.71","0","0","11.71","11.71",,,"2026-04-24T04:00:44.033Z","1443.3333","/1/Titulos/CVXC/CotizacionDetalle"
"cedears","CVXD","Cedear Chevron Corp.","bcba",,"12","12.01","12","-1.8","0","12.18","11.85",,,"2026-04-24T19:41:30.957Z","1443.3333","/1/Titulos/CVXD/CotizacionDetalle"
"cedears","CX","Cedear Cemex S.A.B. De C.V.","bcba",,"18520","18740","18520","-0.26","0","18770","18480",,,"2026-04-24T19:29:49.947Z","1459.4169","/1/Titulos/CX/CotizacionDetalle"
"cedears","CXD","Cedear Cemex S.A.B. De C.V.","bcba",,"12.69","12.09","12.69","0","0","12.69","12.09",,,"2026-04-24T04:00:50.633Z","1459.4169","/1/Titulos/CXD/CotizacionDetalle"
"cedears","DAL","Cedear Delta Air Lines Inc.","bcba",,"12790","12660","12790","1.26","0","12920","12650",,,"2026-04-24T19:42:13.200Z","1402.4123","/1/Titulos/DAL/CotizacionDetalle"
"cedears","DALD","Cedear Delta Air Lines Inc.","bcba",,"9.12","9","9.12","2.01","0","9","9",,,"2026-04-24T16:06:43.967Z","1402.4123","/1/Titulos/DALD/CotizacionDetalle"
"cedears","DD","Cedear E.I.Du Pont The Nemours","bcba",,"13750","13630","13750","0.8","0","13740","13630",,,"2026-04-24T19:44:55.513Z",,"/1/Titulos/DD/CotizacionDetalle"
"cedears","DDD","Cedear E.I.Du Pont The Nemours","bcba",,"9.83","9.83","9.83","0","0","0","0",,,"2026-04-24T04:00:49.657Z",,"/1/Titulos/DDD/CotizacionDetalle"
"cedears","DE","Cedear Deere & Company","bcba",,"21040","21790","21040","-4.01","0","21790","21040",,,"2026-04-24T19:59:22.427Z","1436.1775","/1/Titulos/DE/CotizacionDetalle"
"cedears","DEC","Cedear Deere & Company","bcba",,"14.87","14.87","14.87","0","0","0","0",,,"2026-04-24T04:00:32.053Z","1436.1775","/1/Titulos/DEC/CotizacionDetalle"
"cedears","DECK","Cedear Deckers Outdoor Corporation","bcba",,"6475","6430","6475","2.29","0","6515","6430",,,"2026-04-24T19:56:18.177Z","1415.3005","/1/Titulos/DECK/CotizacionDetalle"
"cedears","DECKD","Cedear Deckers Outdoor Corpora","bcba",,"4.575","4.66","4.575","0","0","4.66","4.66",,,"2026-04-24T04:00:46.607Z","1415.3005","/1/Titulos/DECKD/CotizacionDetalle"
"cedears","DED","Cedear Deere & Company","bcba",,"14.65","14.88","14.65","-3.87","0","14.98","14.68",,,"2026-04-24T19:54:43.220Z","1436.1775","/1/Titulos/DED/CotizacionDetalle"
"cedears","DEO","Cedear Diageo Plc Adr","bcba",,"19770","19660","19770","1.48","0","19810","19650",,,"2026-04-24T19:48:49.580Z","1459.0406","/1/Titulos/DEO/CotizacionDetalle"
"cedears","DEOC","Cedear Diageo Plc Adr","bcba",,"14.6","14.6","14.6","0","0","0","0",,,"2026-04-24T04:00:48.887Z","1459.0406","/1/Titulos/DEOC/CotizacionDetalle"
"cedears","DEOD","Cedear Diageo Plc Adr","bcba",,"13.55","13.5","13.55","5.77","0","13.55","13.5",,,"2026-04-24T19:33:53.773Z","1459.0406","/1/Titulos/DEOD/CotizacionDetalle"
"cedears","DHR","Cedear Danaher Corp","bcba",,"4947.5","4930","4947.5","0.86","0","4952.5","4887.5",,,"2026-04-24T18:36:33.677Z","1436.1393","/1/Titulos/DHR/CotizacionDetalle"
"cedears","DHRC","Cedear Danaher Corp","bcba",,"3.94","3.94","3.94","0","0","0","0",,,"2026-04-24T04:00:59.550Z","1436.1393","/1/Titulos/DHRC/CotizacionDetalle"
"cedears","DHRD","Cedear Danaher Corp","bcba",,"3.445","3.445","3.445","-0.14","0","3.445","3.445",,,"2026-04-24T18:01:52.173Z","1436.1393","/1/Titulos/DHRD/CotizacionDetalle"
"cedears","DIA","Cedear Spdr Dow Jones Industrial","bcba",,"36780","36400","36780","0.82","0","36880","36380",,,"2026-04-24T19:56:15.187Z","1434.4774","/1/Titulos/DIA/CotizacionDetalle"
"cedears","DIAC","Cedear Spdr Dow Jones Industrial","bcba",,"25.48","24.48","25.48","6.74","0","24.9","24.48",,,"2026-04-24T18:22:25.210Z","1434.4774","/1/Titulos/DIAC/CotizacionDetalle"
"cedears","DIAD","Cedear Spdr Dow Jones Industrial","bcba",,"25.64","25.46","25.64","-0.69","0","25.69","25.41",,,"2026-04-24T19:55:14.843Z","1434.4774","/1/Titulos/DIAD/CotizacionDetalle"
"cedears","DISN","Cedear The Walt Disney Company","bcba",,"12750","12700","12750","-0.15","0","12830","12630",,,"2026-04-24T19:59:03.910Z","1427.7716","/1/Titulos/DISN/CotizacionDetalle"
"cedears","DISNC","Cedear The Walt Disney Company","bcba",,"8.56","8.73","8.56","-1.94","0","0","0",,,"2026-04-24T14:57:24.383Z","1427.7716","/1/Titulos/DISNC/CotizacionDetalle"
"cedears","DISND","Cedear The Walt Disney Company","bcba",,"8.93","8.98","8.93","-0.33","0","8.98","8.81",,,"2026-04-24T19:55:03.443Z","1427.7716","/1/Titulos/DISND/CotizacionDetalle"
"cedears","DOCU","Cedear Docusing Inc.","bcba",,"3130","3067.5","3130","3.3","0","3140","3040",,,"2026-04-24T19:53:48.633Z","1494.0334","/1/Titulos/DOCU/CotizacionDetalle"
"cedears","DOCUC","Cedear Docusing Inc.","bcba",,"2.01","2.16","2.01","-6.94","0","0","0",,,"2026-04-23T17:10:10.620Z","1494.0334","/1/Titulos/DOCUC/CotizacionDetalle"
"cedears","DOCUD","Cedear Docusing Inc.","bcba",,"2.095","2.18","2.095","0","0","2.18","2.09",,,"2026-04-24T04:00:20.537Z","1494.0334","/1/Titulos/DOCUD/CotizacionDetalle"
"cedears","DOW","Cedear Dow Inc.","bcba",,"9635","9600","9635","1.74","0","9700","9395",,,"2026-04-24T19:58:24.890Z","1442.3653","/1/Titulos/DOW/CotizacionDetalle"
"cedears","DOWC","Cedear Dow Inc.","bcba",,"6.19","6.19","6.19","0","0","0","0",,,"2026-04-24T04:00:30.827Z","1442.3653","/1/Titulos/DOWC/CotizacionDetalle"
"cedears","DOWD","Cedear Dow Inc.","bcba",,"6.68","6.62","6.68","1.51","0","6.76","6.62",,,"2026-04-24T19:27:34.283Z","1442.3653","/1/Titulos/DOWD/CotizacionDetalle"
"cedears","E","Cedear Eni Spa-Adr","bcba",,"20210","20230","20210","0.19","0","20230","19930",,,"2026-04-24T19:59:18.147Z",,"/1/Titulos/E/CotizacionDetalle"
"cedears","EA","Cedear Electronic Arts Inc.","bcba",,"21670","21440","21670","1.4","0","21590","21440",,,"2026-04-24T19:25:53.833Z","1417.2662","/1/Titulos/EA/CotizacionDetalle"
"cedears","EAD","Cedear Electronic Arts Inc.","bcba",,"15.29","15.14","15.29","0","0","0","0",,,"2026-04-24T04:00:22.080Z","1417.2662","/1/Titulos/EAD/CotizacionDetalle"
"cedears","EBAY","Cedear Ebay Inc.","bcba",,"73250","75375","73250","-4.18","0","76250","73050",,,"2026-04-24T19:59:41.720Z","1322.2022","/1/Titulos/EBAY/CotizacionDetalle"
"cedears","EBAYC","Cedear Ebay Inc.","bcba",,"43.86","43.81","43.86","0","0","43.86","43.81",,,"2026-02-19T14:22:07.173Z","1322.2022","/1/Titulos/EBAYC/CotizacionDetalle"
"cedears","EBAYD","Cedear Ebay Inc.","bcba",,"55.4","55","55.4","0","0","55","55",,,"2026-04-24T04:00:28.950Z","1322.2022","/1/Titulos/EBAYD/CotizacionDetalle"
"cedears","ECL","CEDEAR ECOLAB INC.","bcba",,"7170","7165","7170","0.27","0","7210","7125",,,"2026-04-24T19:39:50.677Z","1411.4173","/1/Titulos/ECL/CotizacionDetalle"
"cedears","ECLD","Cedear Ecolab Inc.","bcba",,"5.08","5.08","5.08","0","0","0","0",,,"2026-04-24T04:01:09.983Z","1411.4173","/1/Titulos/ECLD/CotizacionDetalle"
"cedears","EEM","Cedear Ishares Msci Emerging Market","bcba",,"19090","18620","19090","3.86","0","19080","18620",,,"2026-04-24T19:56:13.510Z","1424.6269","/1/Titulos/EEM/CotizacionDetalle"
"cedears","EEMC","Cedear Ishares Msci Emerging Market","bcba",,"12.78","12.43","12.78","2.81","0","0","0",,,"2026-04-24T18:04:02.070Z","1424.6269","/1/Titulos/EEMC/CotizacionDetalle"
"cedears","EEMD","Cedear Ishares Msci Emerging Market","bcba",,"13.4","13.25","13.4","3.95","0","13.29","13.09",,,"2026-04-24T19:59:47.583Z","1424.6269","/1/Titulos/EEMD/CotizacionDetalle"
"cedears","EFA","Cedear Ishares Msci Eafe Etf","bcba",,"8425","8325","8425","1.26","0","8470","8320",,,"2026-04-24T19:54:43.390Z","1425.5499","/1/Titulos/EFA/CotizacionDetalle"
"cedears","EFAD","Cedear Ishares Msci Eafe Etf","bcba",,"5.91","5.91","5.91","0.68","0","5.91","5.91",,,"2026-04-24T17:17:07.430Z","1425.5499","/1/Titulos/EFAD/CotizacionDetalle"
"cedears","EFX","Cedear Equifax Inc.","bcba",,"16030","16120","16030","-0.43","0","16120","16020",,,"2026-04-24T19:40:30.387Z","1435.094","/1/Titulos/EFX/CotizacionDetalle"
"cedears","EFXD","Cedear Equifax Inc.","bcba",,"11.17","11.17","11.17","-3.7","0","11.17","11.17",,,"2026-04-24T19:11:53.630Z","1435.094","/1/Titulos/EFXD/CotizacionDetalle"
"cedears","ELPC","Cedear Copel","bcba",,"59500","60000","59500","-0.83","0","0","0",,,"2026-04-24T19:59:06.350Z",,"/1/Titulos/ELPC/CotizacionDetalle"
"cedears","EMBJ","Cedear Embraer","bcba",,"93425","93675","93425","0.34","0","93750","92725",,,"2026-04-24T19:55:00.977Z",,"/1/Titulos/EMBJ/CotizacionDetalle"
"cedears","EQNR","Cedear Equinor Asa","bcba",,"9495","9700","9495","-2.11","0","10000","8905",,,"2026-04-24T19:51:17.350Z",,"/1/Titulos/EQNR/CotizacionDetalle"
"cedears","ERIC","Cedear L.M. Ericsson Telephone","bcba",,"8420","8355","8420","1.5","0","8400","8355",,,"2026-04-24T19:53:35.773Z",,"/1/Titulos/ERIC/CotizacionDetalle"
"cedears","ESGU","CEDEAR ISHARES ESG AWARE MSCI USA ETF","bcba",,"7755","7590","7755","1.83","0","7730","7590",,,"2026-04-24T19:28:19.383Z","1554.1082","/1/Titulos/ESGU/CotizacionDetalle"
"cedears","ESGUD","Cedear Ishares Esg Aware Msci Usa Etf","bcba",,"4.99","5.2","4.99","0","0","0","0",,,"2026-04-24T04:00:08.817Z","1554.1082","/1/Titulos/ESGUD/CotizacionDetalle"
"cedears","ETHA","Cedear Ishares Ethereum Tr Etf","bcba",,"5225","5145","5225","0.67","0","5245","5145",,,"2026-04-24T19:59:40.143Z","1433.4705","/1/Titulos/ETHA/CotizacionDetalle"
"cedears","ETHAC","Cedear Ishares Ethereum Tr Etf","bcba",,"3.505","3.515","3.505","-0.28","0","0","0",,,"2026-04-24T14:25:35.657Z","1433.4705","/1/Titulos/ETHAC/CotizacionDetalle"
"cedears","ETHAD","Cedear Ishares Ethereum Tr Etf","bcba",,"3.645","3.635","3.645","0.27","0","3.66","3.605",,,"2026-04-24T19:55:46.157Z","1433.4705","/1/Titulos/ETHAD/CotizacionDetalle"
"cedears","ETSY","Cedear Etsy Inc.","bcba",,"5830","5800","5830","0.08","0","5980","5770",,,"2026-04-24T19:56:49.197Z","1435.9606","/1/Titulos/ETSY/CotizacionDetalle"
"cedears","ETSYC","Cedear Etsy Inc.","bcba",,"0","0","0","0","0","0","0",,,"2024-02-19T06:00:00.513Z","1435.9606","/1/Titulos/ETSYC/CotizacionDetalle"
"cedears","ETSYD","Cedear Etsy Inc.","bcba",,"4.06","4.255","4.06","0","0","4.255","4.1",,,"2026-04-24T04:00:20.537Z","1435.9606","/1/Titulos/ETSYD/CotizacionDetalle"
"cedears","EWJ","Cedear Etf Ishares Msci Japan","bcba",,"9325","9240","9325","1.91","0","9340","9215",,,"2026-04-24T19:56:16.273Z","1454.7582","/1/Titulos/EWJ/CotizacionDetalle"
"cedears","EWJC","Cedear Etf Ishares Msci Japan","bcba",,"6.41","6.28","6.41","2.07","0","0","0",,,"2026-04-09T17:39:15.107Z","1454.7582","/1/Titulos/EWJC/CotizacionDetalle"
"cedears","EWJD","Cedear Etf Ishares Msci Japan","bcba",,"6.41","6.5","6.41","-0.15","0","6.54","6.5",,,"2026-04-24T18:50:46.010Z","1454.7582","/1/Titulos/EWJD/CotizacionDetalle"
"cedears","EWY","CEDEAR ISHARES MSCI SOUTH KOREA ETF","bcba",,"4632.5","4522.5","4632.5","4.04","0","4637.5","4522.5",,,"2026-04-24T19:59:11.567Z","1434.2105","/1/Titulos/EWY/CotizacionDetalle"
"cedears","EWYC","Cedear Ishares Msci South Korea Etf","bcba",,"3.14","3.14","3.14","0","0","3.14","3.14",,,"2026-04-24T04:00:18.300Z","1434.2105","/1/Titulos/EWYC/CotizacionDetalle"
"cedears","EWYD","Cedear Ishares Msci South Korea Etf","bcba",,"3.23","3.235","3.23","2.86","0","3.255","3.075",,,"2026-04-24T19:45:25.187Z","1434.2105","/1/Titulos/EWYD/CotizacionDetalle"
"cedears","EWZ","Cedear Ishares Msci Brazil Cap","bcba",,"29860","29540","29860","1.08","0","29860","29280",,,"2026-04-24T19:59:34.610Z","1443.9072","/1/Titulos/EWZ/CotizacionDetalle"
"cedears","EWZC","Cedear Ishares Msci Brazil Cap","bcba",,"19.8","19.83","19.8","-2.12","0","19.83","19.22",,,"2026-04-24T16:56:25.387Z","1443.9072","/1/Titulos/EWZC/CotizacionDetalle"
"cedears","EWZD","Cedear Ishares Msci Brazil Cap","bcba",,"20.68","20.89","20.68","-0.28","0","20.89","20.48",,,"2026-04-24T19:50:24.760Z","1443.9072","/1/Titulos/EWZD/CotizacionDetalle"
"cedears","F","Cedear Ford Motor Company","bcba",,"18480","18440","18480","0.21","0","18510","18330",,,"2026-04-24T19:50:19.400Z","1444.8788","/1/Titulos/F/CotizacionDetalle"
"cedears","FC","Cedear Ford Motor Comany","bcba",,"12.03","11.7","12.03","0","0","0","0",,,"2026-04-24T04:00:21.520Z","1444.8788","/1/Titulos/FC/CotizacionDetalle"
"cedears","FCX","Cedear Freeport Mcmoran Inc","bcba",,"30480","30520","30480","0.59","0","30980","29740",,,"2026-04-24T19:59:05.347Z","1442.4988","/1/Titulos/FCX/CotizacionDetalle"
"cedears","FCXC","Cedear Freeport Mcmoran Inc","bcba",,"19.9","19.95","19.9","0","0","0","0",,,"2026-04-24T04:00:49.070Z","1442.4988","/1/Titulos/FCXC/CotizacionDetalle"
"cedears","FCXD","Cedear Freeport Mcmoran Inc","bcba",,"21.13","21.5","21.13","-2.08","0","21.96","21",,,"2026-04-24T19:51:12.180Z","1442.4988","/1/Titulos/FCXD/CotizacionDetalle"
"cedears","FD","Cedear Ford Motor Comany","bcba",,"12.79","12.85","12.79","-1.38","0","12.87","12.84",,,"2026-04-24T19:56:35.087Z","1444.8788","/1/Titulos/FD/CotizacionDetalle"
"cedears","FDX","Cedear Federal Express Corp.","bcba",,"57850","57375","57850","-0.12","0","58125","57375",,,"2026-04-24T19:56:30.467Z","1460.8586","/1/Titulos/FDX/CotizacionDetalle"
"cedears","FDXC","Cedear Federal Express Corp.","bcba",,"38.17","38.17","38.17","0","0","38.17","38.17",,,"2026-04-24T04:00:51.780Z","1460.8586","/1/Titulos/FDXC/CotizacionDetalle"
"cedears","FDXD","Cedear Federal Express Corp.","bcba",,"39.6","39.23","39.6","0","0","39.23","39.23",,,"2026-04-24T04:00:29.000Z","1460.8586","/1/Titulos/FDXD/CotizacionDetalle"
"cedears","FMX","Cedear Fomento Ec.Mexicano Sab","bcba",,"28360","28340","28360","1.28","0","28420","28340",,,"2026-04-24T19:53:53.803Z","1433.047","/1/Titulos/FMX/CotizacionDetalle"
"cedears","FMXD","Cedear Fomento Ec.Mexicano Sab","bcba",,"19.79","20.56","19.79","0","0","20.56","20.56",,,"2026-04-24T04:00:29.000Z","1433.047","/1/Titulos/FMXD/CotizacionDetalle"
"cedears","FNMA","Cedear Fed.Natl Mort-Fannie Mae Esc.","bcba",,"10900","10500","10900","0.73","0","10500","10500",,,"2026-04-24T17:41:24.187Z",,"/1/Titulos/FNMA/CotizacionDetalle"
"cedears","FSLR","Cedear First Solar Inc.","bcba",,"16100","16030","16100","0","0","16180","15710",,,"2026-04-24T19:56:16.900Z","1459.6555","/1/Titulos/FSLR/CotizacionDetalle"
"cedears","FSLRD","Cedear First Solar Inc.","bcba",,"11.03","11.11","11.03","-2.81","0","11.11","11",,,"2026-04-24T16:05:33.840Z","1459.6555","/1/Titulos/FSLRD/CotizacionDetalle"
"cedears","FXI","Cedear Ishares Trust Ftse Chin","bcba",,"11040","10860","11040","2.12","0","11050","10830",,,"2026-04-24T19:57:07.483Z","1431.9066","/1/Titulos/FXI/CotizacionDetalle"
"cedears","FXIC","Cedear Ishares Trust Ftse China 25 Index Fund","bcba",,"7.36","7.66","7.36","0","0","7.66","7.35",,,"2026-04-24T04:00:43.950Z","1431.9066","/1/Titulos/FXIC/CotizacionDetalle"
"cedears","FXID","Cedear Ishares Trust Ftse China 25 Index Fund","bcba",,"7.71","7.77","7.71","1.31","0","7.77","7.62",,,"2026-04-24T19:56:04.417Z","1431.9066","/1/Titulos/FXID/CotizacionDetalle"
"cedears","GDX","Cedear Van Eck Gold Miners Etf","bcba",,"14110","13780","14110","3.75","0","14100","13680",,,"2026-04-24T19:58:56.160Z","1450.1542","/1/Titulos/GDX/CotizacionDetalle"
"cedears","GDXC","Cedear Van Eck Gold Miners Etf","bcba",,"9.31","0","9.31","0","0","0","0",,,"2026-04-23T16:03:58.103Z","1450.1542","/1/Titulos/GDXC/CotizacionDetalle"
"cedears","GDXD","Cedear Van Eck Gold Miners Etf","bcba",,"9.73","9.81","9.73","1.99","0","9.85","9.73",,,"2026-04-24T19:29:09.127Z","1450.1542","/1/Titulos/GDXD/CotizacionDetalle"
"cedears","GE","Cedear Ge Aerospace","bcba",,"53200","51700","53200","2.01","0","53300","51575",,,"2026-04-24T19:59:28.113Z","1441.3438","/1/Titulos/GE/CotizacionDetalle"
"cedears","GEC","Cedear Ge Aerospace","bcba",,"35","35.32","35","-5.4","0","37.74","35.32",,,"2026-04-24T15:46:10.643Z","1441.3438","/1/Titulos/GEC/CotizacionDetalle"
"cedears","GED","Cedear Ge Aerospace","bcba",,"36.91","36.23","36.91","1.04","0","38","35.96",,,"2026-04-24T19:46:21.970Z","1441.3438","/1/Titulos/GED/CotizacionDetalle"
"cedears","GFI","Cedear Gold Fields Ltd.","bcba",,"68075","67600","68075","5.17","0","68650","67600",,,"2026-04-24T19:48:31.993Z",,"/1/Titulos/GFI/CotizacionDetalle"
"cedears","GGB","Cedear Gerdau S.A.","bcba",,"25680","25300","25680","0.46","0","25820","25300",,,"2026-04-24T19:57:40.050Z","1409.4402","/1/Titulos/GGB/CotizacionDetalle"
"cedears","GGBD","Cedear Gerdau S.A.","bcba",,"18.22","18.23","18.22","0","0","18.23","18.23",,,"2026-04-24T04:00:43.670Z","1409.4402","/1/Titulos/GGBD/CotizacionDetalle"
"cedears","GILD","Cedear Gilead Sciences, Inc.","bcba",,"48800","49000","48800","-1.25","0","49000","48220",,,"2026-04-24T19:56:18.633Z",,"/1/Titulos/GILD/CotizacionDetalle"
"cedears","GILDC","Cedear Gilead Sciences, Inc.","bcba",,"32.98","32.98","32.98","0","0","0","0",,,"2026-04-24T04:00:29.080Z",,"/1/Titulos/GILDC/CotizacionDetalle"
"cedears","GILDD","Cedear Gilead Sciences, Inc.","bcba",,"33.99","34.49","33.99","-4.7","0","34.49","33.33",,,"2026-04-24T18:58:07.503Z",,"/1/Titulos/GILDD/CotizacionDetalle"
"cedears","GLD","Cedear Etf Spdr Gold Trust","bcba",,"12970","12830","12970","1.96","0","12980","12690",,,"2026-04-24T19:59:46.263Z",,"/1/Titulos/GLD/CotizacionDetalle"
"cedears","GLDC","Cedear Etf Spdr Gold Trust","bcba",,"8.76","8.61","8.76","-0.22","0","8.79","8.61",,,"2026-04-24T18:18:33.187Z",,"/1/Titulos/GLDC/CotizacionDetalle"
"cedears","GLDD","Cedear Etf Spdr Gold Trust","bcba",,"9","8.9","9","0.55","0","9.04","8.9",,,"2026-04-24T19:58:06.720Z",,"/1/Titulos/GLDD/CotizacionDetalle"
"cedears","GLOB","Cedear Globant S.A.","bcba",,"3567.5","3605","3567.5","0","0","3605","3457.5",,,"2026-04-24T19:59:53.797Z","1438.5081","/1/Titulos/GLOB/CotizacionDetalle"
"cedears","GLOBC","Cedear Globant S.A.","bcba",,"2.475","2.49","2.475","0","0","2.49","2.4",,,"2026-04-24T04:01:08.890Z","1438.5081","/1/Titulos/GLOBC/CotizacionDetalle"
"cedears","GLOBD","Cedear Globant S.A.","bcba",,"2.48","2.525","2.48","-1.39","0","2.525","2.4",,,"2026-04-24T19:54:25.417Z","1438.5081","/1/Titulos/GLOBD/CotizacionDetalle"
"cedears","GLW","Cedear Corning Incorporated","bcba",,"65850","64525","65850","5.36","0","66600","64275",,,"2026-04-24T19:54:48.057Z",,"/1/Titulos/GLW/CotizacionDetalle"
"cedears","GM","Cedear General Motors Co.","bcba",,"19500","19200","19500","1.29","0","19460","19030",,,"2026-04-24T19:57:48.787Z","1422.3195","/1/Titulos/GM/CotizacionDetalle"
"cedears","GMD","Cedear General Motors Co.","bcba",,"13.71","13.65","13.71","0.43","0","0","0",,,"2026-04-24T19:09:21.223Z","1422.3195","/1/Titulos/GMD/CotizacionDetalle"
"cedears","GOGLC","Cedear Google Inc.","bcba",,"6.01","5.9","6.01","1","0","5.95","5.86",,,"2026-04-24T19:56:51.203Z",,"/1/Titulos/GOGLC/CotizacionDetalle"
"cedears","GOGLD","Cedear Google Inc.","bcba",,"6.17","6.14","6.17","1.48","0","6.19","5.97",,,"2026-04-24T19:59:43.737Z",,"/1/Titulos/GOGLD/CotizacionDetalle"
"cedears","GOOGL","Cedear Alphabet Inc. Cl. A","bcba",,"8875","8650","8875","2.71","0","8925","8560",,,"2026-04-24T19:59:49.230Z",,"/1/Titulos/GOOGL/CotizacionDetalle"
"cedears","GPRK","Cedear Geopark Ltd.","bcba",,"13520","13490","13520","1.04","0","13670","13420",,,"2026-04-24T19:47:26.603Z","1442.9029","/1/Titulos/GPRK/CotizacionDetalle"
"cedears","GPRKC","Cedear Geopark Ltd.","bcba",,"8.66","9.23","8.66","0","0","0","0",,,"2026-04-24T04:00:20.643Z","1442.9029","/1/Titulos/GPRKC/CotizacionDetalle"
"cedears","GPRKD","Cedear Geopark Ltd.","bcba",,"9.37","9.54","9.37","-1.16","0","9.54","9.35",,,"2026-04-24T19:47:26.587Z","1442.9029","/1/Titulos/GPRKD/CotizacionDetalle"
"cedears","GRMN","Cedear Garmin Ltd.","bcba",,"128975","128700","128975","0.62","0","129775","128100",,,"2026-04-24T19:56:18.893Z","1433.0556","/1/Titulos/GRMN/CotizacionDetalle"
"cedears","GRMND","Cedear Garmin Ltd.","bcba",,"90","84.4","90","0","0","0","0",,,"2026-04-24T04:00:50.410Z","1433.0556","/1/Titulos/GRMND/CotizacionDetalle"
"cedears","GS","Cedear The Goldman Sachs Group","bcba",,"106900","105650","106900","1.25","0","106500","105275",,,"2026-04-24T19:56:16.677Z","1448.5095","/1/Titulos/GS/CotizacionDetalle"
"cedears","GSC","Cedear The Goldman Sachs Group","bcba",,"69.3","68.4","69.3","0","0","0","0",,,"2026-04-24T04:00:51.780Z","1448.5095","/1/Titulos/GSC/CotizacionDetalle"
"cedears","GSD","Cedear The Goldman Sachs Group","bcba",,"73.8","75","73.8","-1.2","0","75","73.7",,,"2026-04-24T18:08:00.260Z","1448.5095","/1/Titulos/GSD/CotizacionDetalle"
"cedears","GSK","Cedear Gsk Plc.","bcba",,"20310","20380","20310","-1.11","0","20450","20250",,,"2026-04-24T19:51:44.547Z","1423.2656","/1/Titulos/GSK/CotizacionDetalle"
"cedears","GSKC","Cedear Gsk Plc.","bcba",,"14.03","12.6986","14.03","0","0","0","0",,,"2026-04-24T04:00:29.143Z","1423.2656","/1/Titulos/GSKC/CotizacionDetalle"
"cedears","GSKD","Cedear Gsk Plc.","bcba",,"14.27","14.5","14.27","-1.58","0","0","0",,,"2026-04-24T14:32:38.120Z","1423.2656","/1/Titulos/GSKD/CotizacionDetalle"
"cedears","GT","Cedear Goodyear Tire & Rubber","bcba",,"5285","5250","5285","1.05","0","5355","5225",,,"2026-04-24T19:58:30.967Z","1409.3333","/1/Titulos/GT/CotizacionDetalle"
"cedears","GTC","Cedear Goodyear Tire & Rubber","bcba",,"3.76","3.56","3.76","5.61","0","0","0",,,"2026-04-20T17:20:37.037Z","1409.3333","/1/Titulos/GTC/CotizacionDetalle"
"cedears","GTD","Cedear Goodyear Tire & Rubber","bcba",,"3.75","3.65","3.75","0","0","3.75","3.65",,,"2026-04-24T04:00:50.687Z","1409.3333","/1/Titulos/GTD/CotizacionDetalle"
"cedears","HAL","Cedear Halliburton Co.","bcba",,"30140","29400","30140","2.72","0","30160","29020",,,"2026-04-24T19:58:16.637Z","1483.2677","/1/Titulos/HAL/CotizacionDetalle"
"cedears","HALC","Cedear Halliburton Co.","bcba",,"12.22","10.065","12.22","0","0","0","0",,,"2026-04-24T04:00:20.643Z","1483.2677","/1/Titulos/HALC/CotizacionDetalle"
"cedears","HALD","Cedear Halliburton Co.","bcba",,"20.32","20.62","20.32","-1.45","0","0","0",,,"2026-04-24T13:36:22.667Z","1483.2677","/1/Titulos/HALD/CotizacionDetalle"
"cedears","HAPV3","Cedear Hapvida Participacoes I Investimentos Sa","bcba",,"4047.5","3850","4047.5","7.43","0","4100","3750",,,"2026-04-24T19:59:55.197Z",,"/1/Titulos/HAPV3/CotizacionDetalle"
"cedears","HD","Cedear The Home Depot Inc.","bcba",,"15710","15620","15710","0.31","0","15810","15620",,,"2026-04-24T19:59:06.323Z",,"/1/Titulos/HD/CotizacionDetalle"
"cedears","HDB","Cedear Hdfc Bank Limited","bcba",,"19260","18980","19260","2.22","0","19260","18980",,,"2026-04-24T19:54:27.637Z",,"/1/Titulos/HDB/CotizacionDetalle"
"cedears","HDC","Cedear The Home Depot Inc.","bcba",,"10.37","10.59","10.37","-2.07","0","0","0",,,"2026-04-24T18:56:25.753Z",,"/1/Titulos/HDC/CotizacionDetalle"
"cedears","HDD","Cedear The Home Depot Inc.","bcba",,"10.95","11","10.95","0","0","11","10.58",,,"2026-04-24T19:28:34.073Z",,"/1/Titulos/HDD/CotizacionDetalle"
"cedears","HL","Cedear Hecla Mining Co","bcba",,"28180","27180","28180","4.13","0","28220","27140",,,"2026-04-24T19:58:15.803Z","1468.4732","/1/Titulos/HL/CotizacionDetalle"
"cedears","HLD","Cedear Hecla Mining Co.","bcba",,"19.19","19.18","19.19","1","0","19.18","19.18",,,"2026-04-24T15:07:12.597Z","1468.4732","/1/Titulos/HLD/CotizacionDetalle"
"cedears","HMC","Cedear Honda Motor Co. Ltd.","bcba",,"36400","36020","36400","0.94","0","36420","36020",,,"2026-04-24T19:49:29.000Z",,"/1/Titulos/HMC/CotizacionDetalle"
"cedears","HMY","Cedear Harmony Gold Mining Co","bcba",,"24980","24300","24980","4.35","0","25120","24110",,,"2026-04-24T19:57:10.363Z","1432.3394","/1/Titulos/HMY/CotizacionDetalle"
"cedears","HMYC","Cedear Harmony Gold Mining Co.","bcba",,"17.16","17.16","17.16","0","0","0","0",,,"2026-04-24T04:00:43.807Z","1432.3394","/1/Titulos/HMYC/CotizacionDetalle"
"cedears","HMYD","Cedear Harmony Gold Mining Co","bcba",,"17.44","16.9","17.44","3.89","0","17.49","16.9",,,"2026-04-24T19:55:12.830Z","1432.3394","/1/Titulos/HMYD/CotizacionDetalle"
"cedears","HOG","Cedear Harley Davidson Inc","bcba",,"11600","11650","11600","1.04","0","11650","11510",,,"2026-04-24T18:59:14.643Z",,"/1/Titulos/HOG/CotizacionDetalle"
"cedears","HON","Cedear Honeywell International","bcba",,"39580","39180","39580","0.15","0","39680","39020",,,"2026-04-24T18:08:18.370Z","1430.9472","/1/Titulos/HON/CotizacionDetalle"
"cedears","HOND","Cedear Honeywell International","bcba",,"27.66","28.41","27.66","-2.63","0","0","0",,,"2026-04-24T14:56:40.620Z","1430.9472","/1/Titulos/HOND/CotizacionDetalle"
"cedears","HOOD","Cedear Robinhood Markets Inc.","bcba",,"4330","4260","4330","2.06","0","4370","4260",,,"2026-04-24T19:49:26.610Z",,"/1/Titulos/HOOD/CotizacionDetalle"
"cedears","HOODD","Cedear Robinhood Markets Inc.","bcba",,"3.07","3.01","3.07","1.15","0","3.035","3.01",,,"2026-04-24T18:02:20.100Z",,"/1/Titulos/HOODD/CotizacionDetalle"
"cedears","HPQ","Cedear Hp Inc.","bcba",,"29580","30060","29580","-0.47","0","30600","29340",,,"2026-04-24T19:53:27.163Z","1484.9398","/1/Titulos/HPQ/CotizacionDetalle"
"cedears","HPQD","Cedear Hp Inc.","bcba",,"19.92","19.92","19.92","0","0","0","0",,,"2026-04-24T04:00:48.990Z","1484.9398","/1/Titulos/HPQD/CotizacionDetalle"
"cedears","HSBC","Cedear Hsbc Holding Plc Adr","bcba",,"67000","66825","67000","1.43","0","66925","66725",,,"2026-04-24T18:26:12.907Z",,"/1/Titulos/HSBC/CotizacionDetalle"
"cedears","HSY","Cedear The Hershey Company","bcba",,"13650","13570","13650","0.66","0","13690","13380",,,"2026-04-24T19:57:44.053Z","1433.8235","/1/Titulos/HSY/CotizacionDetalle"
"cedears","HSYC","Cedear The Hershey Company","bcba",,"9.27","9.28","9.27","0","0","9.28","9.28",,,"2026-04-24T04:00:47.257Z","1433.8235","/1/Titulos/HSYC/CotizacionDetalle"
"cedears","HSYD","Cedear The Hershey Company","bcba",,"9.52","10","9.52","-1.95","0","10","9.51",,,"2026-04-24T17:43:50.037Z","1433.8235","/1/Titulos/HSYD/CotizacionDetalle"
"cedears","HUT","Cedear Hut 8 Mining Corp.","bcba",,"575300","602000","575300","-1.21","0","603000","574950",,,"2026-04-24T19:59:49.190Z","1438.25","/1/Titulos/HUT/CotizacionDetalle"
"cedears","HUTC","Cedear Hut 8 Mining Corp.","bcba",,"400.75","330","400.75","21.43","0","0","0",,,"2026-04-24T15:45:19.213Z","1438.25","/1/Titulos/HUTC/CotizacionDetalle"
"cedears","HUTD","Cedear Hut 8 Mining Corp.","bcba",,"400","426.75","400","-2.26","0","426.75","400",,,"2026-04-24T19:49:22.927Z","1438.25","/1/Titulos/HUTD/CotizacionDetalle"
"cedears","HWM","Cedear Howmet Aerospace Inc","bcba",,"363425","359350","363425","-0.62","0","362800","357775",,,"2026-04-24T19:29:58.507Z","1408.624","/1/Titulos/HWM/CotizacionDetalle"
"cedears","HWMD","Cedear Howmet Aerospace Inc","bcba",,"258","272","258","0","0","0","0",,,"2026-04-24T04:00:29.883Z","1408.624","/1/Titulos/HWMD/CotizacionDetalle"
"cedears","IBB","Cedear Ishares Nasdaq Biotechn","bcba",,"9370","9370","9370","-0.31","0","9435","9240",,,"2026-04-24T19:34:56.693Z","1413.273","/1/Titulos/IBB/CotizacionDetalle"
"cedears","IBBC","Cedear Ishares Nasdaq Biotechn","bcba",,"6.33","6.33","6.33","0","0","0","0",,,"2026-04-24T04:01:12.900Z","1413.273","/1/Titulos/IBBC/CotizacionDetalle"
"cedears","IBBD","Cedear Ishares Nasdaq Biotechn","bcba",,"6.63","6.59","6.63","-2.64","0","6.64","6.54",,,"2026-04-24T19:28:31.113Z","1413.273","/1/Titulos/IBBD/CotizacionDetalle"
"cedears","IBIT","Cedear Ishares Bitcoin Tr (Ibi","bcba",,"6560","6510","6560","1.07","0","6590","6510",,,"2026-04-24T19:59:50.423Z","1441.7582","/1/Titulos/IBIT/CotizacionDetalle"
"cedears","IBITC","Cedear Ishares Bitcoin Tr","bcba",,"4.395","4.495","4.395","1.85","0","4.505","4.37",,,"2026-04-24T19:50:14.383Z","1441.7582","/1/Titulos/IBITC/CotizacionDetalle"
"cedears","IBITD","Cedear Ishares Bitcoin Tr","bcba",,"4.55","4.605","4.55","0.11","0","4.61","4.53",,,"2026-04-24T19:58:24.823Z","1441.7582","/1/Titulos/IBITD/CotizacionDetalle"
"cedears","IBM","Cedear Int.Business Machines (Ibm)","bcba",,"23170","22850","23170","1.48","0","23160","22320",,,"2026-04-24T19:59:37.090Z","1431.1303","/1/Titulos/IBM/CotizacionDetalle"
"cedears","IBMC","Cedear Int.Business Machines C","bcba",,"16.65","16.89","16.65","0","0","16.89","16.46",,,"2026-04-24T04:00:50.993Z","1431.1303","/1/Titulos/IBMC/CotizacionDetalle"
"cedears","IBMD","Cedear Int.Business Machines (Ibm)","bcba",,"16.19","16.5","16.19","0.18","0","16.5","15.6",,,"2026-04-24T19:57:33.690Z","1431.1303","/1/Titulos/IBMD/CotizacionDetalle"
"cedears","IBN","Cedear Icici Bank Ltd.","bcba",,"41260","41260","41260","-0.91","0","41460","41240",,,"2026-04-24T19:34:44.443Z",,"/1/Titulos/IBN/CotizacionDetalle"
"cedears","ICLN","CEDEAR ISHARES GLOBAL CLEAN ENERGY ETF","bcba",,"5985","5970","5985","0.5","0","6005","5920",,,"2026-04-24T19:59:30.823Z","1431.8182","/1/Titulos/ICLN/CotizacionDetalle"
"cedears","ICLNC","Cedear Ishares Global Clean Energy Etf","bcba",,"4.18","4.18","4.18","0","0","4.18","4.18",,,"2026-04-24T04:00:18.403Z","1431.8182","/1/Titulos/ICLNC/CotizacionDetalle"
"cedears","ICLND","Cedear Ishares Global Clean Energy Etf","bcba",,"4.18","4.25","4.18","-1.53","0","4.29","4.18",,,"2026-04-24T19:29:56.397Z","1431.8182","/1/Titulos/ICLND/CotizacionDetalle"
"cedears","IEMG","Cedear Ishares Core Msci Emerg","bcba",,"9755","9600","9755","3.5","0","9755","9600",,,"2026-04-24T19:55:50.573Z","1449.4799","/1/Titulos/IEMG/CotizacionDetalle"
"cedears","IEMGD","Cedear Ishares Core Msci Emerg","bcba",,"6.73","6.73","6.73","0.59","0","6.8","6.73",,,"2026-04-24T19:49:02.973Z","1449.4799","/1/Titulos/IEMGD/CotizacionDetalle"
"cedears","IEUR","Cedear Ishares Core Msci Europ","bcba",,"10120","9895","10120","2.53","0","10130","9895",,,"2026-04-24T19:56:19.030Z","1437.5","/1/Titulos/IEUR/CotizacionDetalle"
"cedears","IEURC","Cedear Ishares Core Msci Europe","bcba",,"6.84","6.91","6.84","0","0","0","0",,,"2026-04-24T04:00:44.247Z","1437.5","/1/Titulos/IEURC/CotizacionDetalle"
"cedears","IEURD","Cedear Ishares Core Msci Europ","bcba",,"7.04","7.09","7.04","0.14","0","7.09","6.96",,,"2026-04-24T18:48:41.313Z","1437.5","/1/Titulos/IEURD/CotizacionDetalle"
"cedears","IFF","Cedear Inter. Flavors&Fragance","bcba",,"8830","8745","8830","1.37","0","8830","8720",,,"2026-04-24T19:05:10.130Z","1424.1935","/1/Titulos/IFF/CotizacionDetalle"
"cedears","IFFD","Cedear International Flavors & Fragrance","bcba",,"6.2","6.18","6.2","0.32","0","0","0",,,"2026-04-24T13:46:29.407Z","1424.1935","/1/Titulos/IFFD/CotizacionDetalle"
"cedears","IJH","Cedear Etf Ishares Core S&P Mid - Cap","bcba",,"9085","8950","9085","1.96","0","9070","8950",,,"2026-04-24T19:30:40.613Z","1426.2166","/1/Titulos/IJH/CotizacionDetalle"
"cedears","IJHD","Cedear Etf Ishares Core S&P Mi","bcba",,"6.37","6.23","6.37","2.24","0","0","0",,,"2026-04-24T16:46:19.843Z","1426.2166","/1/Titulos/IJHD/CotizacionDetalle"
"cedears","ILF","Cedear Ishares Latin America 40 Etf","bcba",,"9185","9035","9185","1.43","0","9190","8990",,,"2026-04-24T19:54:30.447Z","1439.6552","/1/Titulos/ILF/CotizacionDetalle"
"cedears","ILFC","Cedear Ishares Latin America 40 Etf","bcba",,"6.39","6.34","6.39","0","0","6.34","6.34",,,"2026-04-24T04:01:15.683Z","1439.6552","/1/Titulos/ILFC/CotizacionDetalle"
"cedears","ILFD","Cedear Ishares Latin America 40 Etf","bcba",,"6.38","6.29","6.38","-0.62","0","6.47","6.28",,,"2026-04-24T19:53:45.437Z","1439.6552","/1/Titulos/ILFD/CotizacionDetalle"
"cedears","INFY","Cedear Infosys Limited","bcba",,"19260","18710","19260","1.36","0","19170","18520",,,"2026-04-24T19:54:28.373Z",,"/1/Titulos/INFY/CotizacionDetalle"
"cedears","ING","Cedear Ing Group Nv Adr","bcba",,"13730","13700","13730","0.21","0","0","0",,,"2026-04-24T13:57:53.613Z","1351.378","/1/Titulos/ING/CotizacionDetalle"
"cedears","INGD","Cedear Ing Group Nv Adr","bcba",,"10.16","10.16","10.16","0","0","10.16","10.16",,,"2026-04-24T04:00:32.267Z","1351.378","/1/Titulos/INGD/CotizacionDetalle"
"cedears","INTC","Cedear Intel Corporation","bcba",,"24550","24610","24550","24.8","0","25200","23730",,,"2026-04-24T20:10:36.267Z",,"/1/Titulos/INTC/CotizacionDetalle"
"cedears","INTCC","Cedear Intel Corporation","bcba",,"16.26","16.38","16.26","21.98","0","16.45","16.28",,,"2026-04-24T16:36:29.110Z",,"/1/Titulos/INTCC/CotizacionDetalle"
"cedears","INTCD","Cedear Intel Corporation","bcba",,"17.1","16.35","17.1","24.27","0","17.53","16.35",,,"2026-04-24T19:59:50.450Z",,"/1/Titulos/INTCD/CotizacionDetalle"
"cedears","IP","Cedear International Paper Com","bcba",,"12220","12330","12220","-1.37","0","12360","12190",,,"2026-04-24T19:59:52.243Z","1404.5977","/1/Titulos/IP/CotizacionDetalle"
"cedears","IPD","Cedear International Paper Com","bcba",,"8.7","8.7","8.7","0","0","0","0",,,"2026-04-24T04:00:56.623Z","1404.5977","/1/Titulos/IPD/CotizacionDetalle"
"cedears","IREN","CEDEAR IREN LTD.","bcba",,"6280","6575","6280","-1.87","0","6700","6240",,,"2026-04-24T19:59:25.187Z","1395.5556","/1/Titulos/IREN/CotizacionDetalle"
"cedears","IRENC","Cedear Iren Ltd.","bcba",,"3.33","3.5","3.33","0","0","3.5","3.5",,,"2026-04-24T04:01:09.903Z","1395.5556","/1/Titulos/IRENC/CotizacionDetalle"
"cedears","IREND","Cedear Iren Ltd.","bcba",,"4.5","4.53","4.5","1.92","0","4.53","4.33",,,"2026-04-24T19:59:16.493Z","1395.5556","/1/Titulos/IREND/CotizacionDetalle"
"cedears","ISRG","Cedear Intuitive Surgical Inc.","bcba",,"8300","8150","8300","5.06","0","8400","7900",,,"2026-04-24T19:56:26.233Z",,"/1/Titulos/ISRG/CotizacionDetalle"
"cedears","ITA","Cedear Ishares U.S. Aeropace & Defense Etf","bcba",,"6465","6475","6465","0.07","0","6475","6360",,,"2026-04-24T19:55:17.457Z","1431.8937","/1/Titulos/ITA/CotizacionDetalle"
"cedears","ITAD","CEDEAR ISHARES U.S. AEROPACE & DEFENSE ETF USD","bcba",,"4.515","4.525","4.515","1.23","0","4.525","4.495",,,"2026-04-24T18:26:18.290Z","1431.8937","/1/Titulos/ITAD/CotizacionDetalle"
"cedears","ITUB","Cedear Itau Unibanco Holding Sa","bcba",,"13200","12910","13200","1.77","0","13250","12900",,,"2026-04-24T19:56:20.777Z","1430.1192","/1/Titulos/ITUB/CotizacionDetalle"
"cedears","ITUB3","Cedear Banco Itau Unibanco Sa","bcba",,"13350","13170","13350","2.29","0","13280","13100",,,"2026-04-24T19:13:46.793Z",,"/1/Titulos/ITUB3/CotizacionDetalle"
"cedears","ITUBC","Cedear Itau Unibanco Holding Sa","bcba",,"9","9","9","0","0","9","9",,,"2026-04-24T04:00:44.030Z","1430.1192","/1/Titulos/ITUBC/CotizacionDetalle"
"cedears","ITUBD","Cedear Itau Unibanco Holding S","bcba",,"9.23","9.13","9.23","-0.32","0","9.2","9.12",,,"2026-04-24T19:51:46.303Z","1430.1192","/1/Titulos/ITUBD/CotizacionDetalle"
"cedears","IVE","Cedear Ishares S&P 500 Value E","bcba",,"8265","8170","8265","1.16","0","8265","8155",,,"2026-04-24T19:53:15.203Z","1415.2397","/1/Titulos/IVE/CotizacionDetalle"
"cedears","IVEC","Cedear Ishares S&P 500 Value E","bcba",,"5.54","5.37","5.54","0","0","0","0",,,"2026-04-24T04:00:48.910Z","1415.2397","/1/Titulos/IVEC/CotizacionDetalle"
"cedears","IVED","Cedear Ishares S&P 500 Value E","bcba",,"5.84","5.69","5.84","1.56","0","5.79","5.69",,,"2026-04-24T19:51:53.487Z","1415.2397","/1/Titulos/IVED/CotizacionDetalle"
"cedears","IVV","CEDEAR ISHARES CORE S&P 500 ETF","bcba",,"1558","1540","1558","2.29","0","1558","1515",,,"2026-04-24T19:57:52.170Z","1429.3578","/1/Titulos/IVV/CotizacionDetalle"
"cedears","IVVC","Cedear Ishares Core S&P 500 Etf","bcba",,"1.07","1.075","1.07","-0.46","0","0","0",,,"2026-04-24T18:21:46.443Z","1429.3578","/1/Titulos/IVVC/CotizacionDetalle"
"cedears","IVVD","Cedear Ishares Core S&P 500 Etf","bcba",,"1.09","1.095","1.09","0.46","0","1.095","1.07",,,"2026-04-24T19:55:43.140Z","1429.3578","/1/Titulos/IVVD/CotizacionDetalle"
"cedears","IVW","Cedear Ishares S&P 500 Growth","bcba",,"9685","9535","9685","2.48","0","9725","9495",,,"2026-04-24T19:54:32.023Z","1432.6923","/1/Titulos/IVW/CotizacionDetalle"
"cedears","IVWC","Cedear Ishares S&P 500 Growth","bcba",,"5.96","5.75","5.96","0","0","0","0",,,"2026-04-24T04:01:12.860Z","1432.6923","/1/Titulos/IVWC/CotizacionDetalle"
"cedears","IVWD","Cedear Ishares S&P 500 Growth","bcba",,"6.76","6.58","6.76","2.42","0","6.76","6.58",,,"2026-04-24T19:50:35.647Z","1432.6923","/1/Titulos/IVWD/CotizacionDetalle"
"cedears","IWM","Cedear Ishares Trust Russell 2000","bcba",,"41340","41000","41340","1.62","0","41460","40780",,,"2026-04-24T19:59:09.983Z","1441.4226","/1/Titulos/IWM/CotizacionDetalle"
"cedears","IWMC","Cedear Ishares Trust Russell 2000","bcba",,"27.64","27.64","27.64","0","0","0","0",,,"2026-04-24T04:00:31.010Z","1441.4226","/1/Titulos/IWMC/CotizacionDetalle"
"cedears","IWMD","Cedear Ishares Trust Russell 2000","bcba",,"28.68","28.9","28.68","0.42","0","28.9","28.64",,,"2026-04-24T19:20:56.570Z","1441.4226","/1/Titulos/IWMD/CotizacionDetalle"
"cedears","JCI","Cedear Johnson Controls Intern","bcba",,"99325","99325","99325","0","0","0","0",,,"2026-04-24T04:00:10.897Z",,"/1/Titulos/JCI/CotizacionDetalle"
"cedears","JD","Cedear Jd.Com, Inc.","bcba",,"11310","11130","11310","2.44","0","11330","11130",,,"2026-04-24T19:58:25.867Z",,"/1/Titulos/JD/CotizacionDetalle"
"cedears","JDC","Cedear Jd.Com, Inc.","bcba",,"7.61","6.79","7.61","12.07","0","0","0",,,"2026-04-24T14:13:13.677Z",,"/1/Titulos/JDC/CotizacionDetalle"
"cedears","JDD","Cedear Jd.Com, Inc.","bcba",,"7.85","7.94","7.85","1.02","0","7.94","7.85",,,"2026-04-24T19:55:07.853Z",,"/1/Titulos/JDD/CotizacionDetalle"
"cedears","JMIA","Cedear Jumia Technologies Ag","bcba",,"10630","10600","10630","1.14","0","10820","10160",,,"2026-04-24T19:55:28.853Z","1387.7285","/1/Titulos/JMIA/CotizacionDetalle"
"cedears","JMIAC","Cedear Jumia Technologies Ag","bcba",,"7.28","7.28","7.28","0","0","0","0",,,"2026-04-24T04:00:21.767Z","1387.7285","/1/Titulos/JMIAC/CotizacionDetalle"
"cedears","JMIAD","Cedear Jumia Technologies Ag","bcba",,"7.66","7.29","7.66","3.37","0","7.54","7.02",,,"2026-04-24T19:52:19.207Z","1387.7285","/1/Titulos/JMIAD/CotizacionDetalle"
"cedears","JNJ","Cedear Johnson & Johnson","bcba",,"22690","22700","22690","-0.3","0","22790","22470",,,"2026-04-24T19:58:58.310Z","1438.8079","/1/Titulos/JNJ/CotizacionDetalle"
"cedears","JNJC","Cedear Johnson & Johnson","bcba",,"15.34","15.34","15.34","0","0","0","0",,,"2026-04-24T04:00:18.830Z","1438.8079","/1/Titulos/JNJC/CotizacionDetalle"
"cedears","JNJD","Cedear Johnson & Johnson","bcba",,"15.77","16.24","15.77","-1.37","0","16.24","15.59",,,"2026-04-24T19:59:53.923Z","1438.8079","/1/Titulos/JNJD/CotizacionDetalle"
"cedears","JOYY","Cedear Joyy Inc.","bcba",,"17490","17090","17490","2.76","0","17090","17090",,,"2026-04-24T19:56:15.397Z","2699.0741","/1/Titulos/JOYY/CotizacionDetalle"
"cedears","JOYYD","Cedear Joyy Inc.","bcba",,"6.48","6.48","6.48","0","0","0","0",,,"2026-04-24T04:00:22.500Z","2699.0741","/1/Titulos/JOYYD/CotizacionDetalle"
"cedears","JPM","Cedear Jpmorgan Chase & Co.","bcba",,"30780","30800","30780","0.13","0","30840","30500",,,"2026-04-24T19:59:27.070Z","1428.3063","/1/Titulos/JPM/CotizacionDetalle"
"cedears","JPMC","Cedear Jpmorgan Chase & Co.","bcba",,"20.6","20.84","20.6","-2.87","0","20.84","20.6",,,"2026-04-24T19:08:15.147Z","1428.3063","/1/Titulos/JPMC/CotizacionDetalle"
"cedears","JPMD","Cedear Jpmorgan Chase & Co.","bcba",,"21.55","21.99","21.55","-0.82","0","21.99","21.2",,,"2026-04-24T19:53:07.007Z","1428.3063","/1/Titulos/JPMD/CotizacionDetalle"
"cedears","KB","Cedear Kb Financial Group Inc.","bcba",,"81025","81025","81025","0","0","0","0",,,"2026-04-24T04:00:47.853Z",,"/1/Titulos/KB/CotizacionDetalle"
"cedears","KEEL","Cedear Keel Infrastructure","bcba",,"24570","25080","24570","2.8","0","25900","24230",,,"2026-04-24T20:00:00.340Z","1426.0012","/1/Titulos/KEEL/CotizacionDetalle"
"cedears","KEELC","Cedear Keel Infrastructure","bcba",,"11.16","10.34","11.16","0","0","0","0",,,"2026-04-24T04:00:38.357Z","1426.0012","/1/Titulos/KEELC/CotizacionDetalle"
"cedears","KEELD","Cedear Keel Infrastructure","bcba",,"17.23","18","17.23","1.47","0","18.09","16.95",,,"2026-04-24T19:55:03.097Z","1426.0012","/1/Titulos/KEELD/CotizacionDetalle"
"cedears","KEP","Cedear Korea Electronic Power","bcba",,"23490","23100","23490","3.29","0","23430","23080",,,"2026-04-24T19:17:52.993Z",,"/1/Titulos/KEP/CotizacionDetalle"
"cedears","KGC","Cedear Kinross Gold Corp","bcba",,"48940","48840","48940","3.29","0","48940","48500",,,"2026-04-24T19:57:26.463Z",,"/1/Titulos/KGC/CotizacionDetalle"
"cedears","KMB","Cedear Kimberly Clark Corporation","bcba",,"24370","24400","24370","1.12","0","24600","24250",,,"2026-04-24T19:48:18.180Z","1437.7581","/1/Titulos/KMB/CotizacionDetalle"
"cedears","KMBC","Cedear Kimberly Clark Corporat","bcba",,"18.1","18.1","18.1","0","0","18.1","18.1",,,"2026-04-24T04:00:18.927Z","1437.7581","/1/Titulos/KMBC/CotizacionDetalle"
"cedears","KMBD","Cedear Kimberly Clark Corporat","bcba",,"16.95","17","16.95","-0.29","0","17","16.95",,,"2026-04-24T18:20:21.133Z","1437.7581","/1/Titulos/KMBD/CotizacionDetalle"
"cedears","KO","Cedear The Coca Cola Company","bcba",,"22960","22600","22960","1.54","0","22980","22550",,,"2026-04-24T19:59:25.463Z","1435.8974","/1/Titulos/KO/CotizacionDetalle"
"cedears","KOC","Cedear The Coca Cola Company","bcba",,"15.54","15.23","15.54","0.97","0","15.42","15.23",,,"2026-04-24T16:44:37.327Z","1435.8974","/1/Titulos/KOC/CotizacionDetalle"
"cedears","KOD","Cedear The Coca Cola Company","bcba",,"15.99","15.86","15.99","0.69","0","16","15.75",,,"2026-04-24T19:57:59.403Z","1435.8974","/1/Titulos/KOD/CotizacionDetalle"
"cedears","KOFM","Cedear Coca Cola Femsa Sab De","bcba",,"74800","75850","74800","0","0","76700","75850",,,"2026-04-24T19:58:54.737Z",,"/1/Titulos/KOFM/CotizacionDetalle"
"cedears","LAC","Cedear Lithium Americas Corp","bcba",,"6940","7025","6940","-0.14","0","7095","6855",,,"2026-04-24T19:59:58.980Z",,"/1/Titulos/LAC/CotizacionDetalle"
"cedears","LACD","Cedear Lithium Americas Corp","bcba",,"4.805","4.905","4.805","-1.83","0","4.915","4.795",,,"2026-04-24T19:43:08.987Z",,"/1/Titulos/LACD/CotizacionDetalle"
"cedears","LAR","Cedear Lithium Argentina Ag.","bcba",,"13880","13560","13880","3.65","0","14170","13350",,,"2026-04-24T19:59:36.227Z","1461.0526","/1/Titulos/LAR/CotizacionDetalle"
"cedears","LARC","Cedear Lithium Argentina Ag","bcba",,"2.2","2.2","2.2","0","0","0","0",,,"2026-04-24T04:00:48.970Z","1461.0526","/1/Titulos/LARC/CotizacionDetalle"
"cedears","LARD","Cedear Lithium Argentina Ag.","bcba",,"9.5","9.13","9.5","2.59","0","9.9","9.13",,,"2026-04-24T19:57:48.813Z","1461.0526","/1/Titulos/LARD/CotizacionDetalle"
"cedears","LLY","Cedear Elililly And Company","bcba",,"23630","23860","23630","-2.71","0","23860","23210",,,"2026-04-24T19:59:51.320Z","1436.4742","/1/Titulos/LLY/CotizacionDetalle"
"cedears","LLYC","Cedear Elililly And Company","bcba",,"15.92","16.54","15.92","-3.74","0","0","0",,,"2026-04-24T15:23:11.420Z","1436.4742","/1/Titulos/LLYC/CotizacionDetalle"
"cedears","LLYD","Cedear Elililly And Company","bcba",,"16.45","16.8","16.45","-3.74","0","17.06","16.16",,,"2026-04-24T19:57:15.480Z","1436.4742","/1/Titulos/LLYD/CotizacionDetalle"
"cedears","LMT","Cedear Lockheed Martin Corporation","bcba",,"38360","39300","38360","-2.04","0","39300","37520",,,"2026-04-24T19:59:48.763Z","1420.7407","/1/Titulos/LMT/CotizacionDetalle"
"cedears","LMTC","Cedear Lockheed Martin Corpora","bcba",,"25.55","25.55","25.55","-13.68","0","25.55","25.55",,,"2026-04-24T16:11:28.893Z","1420.7407","/1/Titulos/LMTC/CotizacionDetalle"
"cedears","LMTD","Cedear Lockheed Martin Corporation","bcba",,"27","27.8","27","-3.57","0","28.02","26.15",,,"2026-04-24T19:59:25.040Z","1420.7407","/1/Titulos/LMTD/CotizacionDetalle"
"cedears","LND","Cedear Brasilagro Com","bcba",,"5990","5935","5990","1.43","0","6010","5920",,,"2026-04-24T18:33:59.403Z",,"/1/Titulos/LND/CotizacionDetalle"
"cedears","LRCX","Cedear Lam Research Corp.","bcba",,"7165","7145","7165","5.29","0","7305","7105",,,"2026-04-24T19:59:26.573Z","1447.4747","/1/Titulos/LRCX/CotizacionDetalle"
"cedears","LRCXC","Cedear Lam Research Corp.","bcba",,"4.84","4.73","4.84","2.32","0","0","0",,,"2026-04-24T13:54:06.950Z","1447.4747","/1/Titulos/LRCXC/CotizacionDetalle"
"cedears","LRCXD","Cedear Lam Research Corp.","bcba",,"4.95","5.06","4.95","3.23","0","5.15","4.95",,,"2026-04-24T19:40:42.270Z","1447.4747","/1/Titulos/LRCXD/CotizacionDetalle"
"cedears","LREN3","Cedear Lojas Renner S.A.","bcba",,"4277.5","4252.5","4277.5","-0.11","0","4257.5","4130",,,"2026-04-24T18:31:59.850Z",,"/1/Titulos/LREN3/CotizacionDetalle"
"cedears","LVS","Cedear Las Vegas Sands Corp.","bcba",,"39120","38660","39120","1.82","0","39420","38660",,,"2026-04-24T19:33:29.337Z",,"/1/Titulos/LVS/CotizacionDetalle"
"cedears","LYG","Cedear Lloyds Banking Group Pl","bcba",,"3997.5","3905","3997.5","0.37","0","4002.5","3905",,,"2026-04-24T19:55:18.523Z",,"/1/Titulos/LYG/CotizacionDetalle"
"cedears","MA","Cedear Mastercard Inc.","bcba",,"22880","22340","22880","1.55","0","22950","22240",,,"2026-04-24T19:59:55.910Z","1408.867","/1/Titulos/MA/CotizacionDetalle"
"cedears","MAC","Cedear Mastercard Inc.","bcba",,"15.18","15.3736","15.18","-1.25","0","0","0",,,"2026-04-24T14:04:33.777Z","1408.867","/1/Titulos/MAC/CotizacionDetalle"
"cedears","MAD","Cedear Mastercard Inc.","bcba",,"16.24","16.11","16.24","2.13","0","16.11","15.8",,,"2026-04-24T19:50:16.453Z","1408.867","/1/Titulos/MAD/CotizacionDetalle"
"cedears","MCD","Cedear Mcdonald's Corporation","bcba",,"18680","18610","18680","0.05","0","18770","18540",,,"2026-04-24T19:59:45.950Z",,"/1/Titulos/MCD/CotizacionDetalle"
"cedears","MCDC","Cedear Mcdonald's Corporation","bcba",,"12.65","12.84","12.65","-1.47","0","0","0",,,"2026-04-24T14:49:45.070Z",,"/1/Titulos/MCDC/CotizacionDetalle"
"cedears","MCDD","Cedear Mcdonald's Corporation","bcba",,"13.08","13.11","13.08","-1.72","0","13.24","12.97",,,"2026-04-24T19:58:04.017Z",,"/1/Titulos/MCDD/CotizacionDetalle"
"cedears","MDLZ","Cedear Mondelez International","bcba",,"5760","5675","5760","1.31","0","5775","5640",,,"2026-04-24T19:55:53.277Z","1454.5455","/1/Titulos/MDLZ/CotizacionDetalle"
"cedears","MDLZC","Cedear Mondelez International","bcba",,"3.865","3.865","3.865","0","0","0","0",,,"2026-04-24T04:00:44.083Z","1454.5455","/1/Titulos/MDLZC/CotizacionDetalle"
"cedears","MDLZD","Cedear Mondelez International","bcba",,"3.96","4.015","3.96","-1","0","4.015","4.015",,,"2026-04-24T19:34:04.413Z","1454.5455","/1/Titulos/MDLZD/CotizacionDetalle"
"cedears","MDT","Cedear Medtronic Plc","bcba",,"31200","30980","31200","0.9","0","31200","30880",,,"2026-04-24T19:55:43.130Z","1431.1927","/1/Titulos/MDT/CotizacionDetalle"
"cedears","MDTD","Cedear Medtronic Inc. Esc.","bcba",,"21.8","21.8","21.8","0","0","0","0",,,"2026-04-24T04:00:59.963Z","1431.1927","/1/Titulos/MDTD/CotizacionDetalle"
"cedears","MELI","Cedear Mercadolibre Inc.","bcba",,"22850","22500","22850","2.6","0","22930","22250",,,"2026-04-24T20:13:45.977Z","1429.0181","/1/Titulos/MELI/CotizacionDetalle"
"cedears","MELIC","Cedear Mercadolibre Inc.","bcba",,"15.45","15.34","15.45","2.31","0","15.57","15.26",,,"2026-04-24T19:31:34.137Z","1429.0181","/1/Titulos/MELIC/CotizacionDetalle"
"cedears","MELID","Cedear Mercadolibre Inc.","bcba",,"15.99","15.98","15.99","1.39","0","16","15.61",,,"2026-04-24T19:59:40.203Z","1429.0181","/1/Titulos/MELID/CotizacionDetalle"
"cedears","META","Cedear Facebook, Inc.","bcba",,"42120","40600","42120","3.79","0","42340","40340",,,"2026-04-24T19:59:55.310Z","1432.6531","/1/Titulos/META/CotizacionDetalle"
"cedears","METAC","Cedear Facebook, Inc.","bcba",,"28.1","27.9","28.1","2.21","0","28.3","27.9",,,"2026-04-24T19:48:41.920Z","1432.6531","/1/Titulos/METAC/CotizacionDetalle"
"cedears","METAD","Cedear Facebook, Inc.","bcba",,"29.4","28.49","29.4","3.12","0","29.47","28.31",,,"2026-04-24T19:59:57.263Z","1432.6531","/1/Titulos/METAD/CotizacionDetalle"
"cedears","MFG","Cedear Mizuho Financial Group","bcba",,"11980","11950","11980","-0.49","0","11950","11940",,,"2026-04-24T15:18:57.573Z",,"/1/Titulos/MFG/CotizacionDetalle"
"cedears","MGLU3","Cedear Magazine Luiza S.A.","bcba",,"2530","2495","2530","-1.17","0","2585","2495",,,"2026-04-24T17:16:46.933Z",,"/1/Titulos/MGLU3/CotizacionDetalle"
"cedears","MMM","Cedear 3 M Company","bcba",,"21770","21400","21770","1.58","0","21820","21400",,,"2026-04-24T19:55:39.263Z","1459.1153","/1/Titulos/MMM/CotizacionDetalle"
"cedears","MMMC","Cedear 3 M Company","bcba",,"14.55","16.192","14.55","-10.14","0","0","0",,,"2026-04-24T17:52:03.020Z","1459.1153","/1/Titulos/MMMC/CotizacionDetalle"
"cedears","MMMD","Cedear 3 M Company","bcba",,"14.92","14.93","14.92","-3.61","0","15.32","14.92",,,"2026-04-24T19:58:27.323Z","1459.1153","/1/Titulos/MMMD/CotizacionDetalle"
"cedears","MO","Cedear Altria Group Inc.","bcba",,"24970","24690","24970","0.44","0","25120","24610",,,"2026-04-24T19:59:07.380Z","1448.3759","/1/Titulos/MO/CotizacionDetalle"
"cedears","MOC","Cedear Altria Group Inc.","bcba",,"16.56","16.7","16.56","-0.83","0","0","0",,,"2026-04-24T13:34:01.300Z","1448.3759","/1/Titulos/MOC/CotizacionDetalle"
"cedears","MOD","Cedear Altria Group Inc.","bcba",,"17.24","17.6","17.24","-1.26","0","17.77","17.27",,,"2026-04-24T19:21:47.810Z","1448.3759","/1/Titulos/MOD/CotizacionDetalle"
"cedears","MOS","Cedear The Mosaic Co","bcba",,"7160","7120","7160","0.06","0","7190","6990",,,"2026-04-24T19:42:03.657Z","1432","/1/Titulos/MOS/CotizacionDetalle"
"cedears","MOSD","Cedear The Mosaic Co","bcba",,"5","4.99","5","0.3","0","5","4.955",,,"2026-04-24T19:33:45.460Z","1432","/1/Titulos/MOSD/CotizacionDetalle"
"cedears","MRK","Cedear Merck & Co Inc.","bcba",,"33460","33640","33460","-1.35","0","34300","33220",,,"2026-04-24T19:57:37.150Z","1442.2414","/1/Titulos/MRK/CotizacionDetalle"
"cedears","MRKC","Cedear Merck & Co Inc.","bcba",,"22","22","22","0","0","0","0",,,"2026-04-24T04:01:00.340Z","1442.2414","/1/Titulos/MRKC/CotizacionDetalle"
"cedears","MRKD","Cedear Merck & Co Inc.","bcba",,"23.2","24.21","23.2","-2.88","0","24.24","23.16",,,"2026-04-24T19:55:46.277Z","1442.2414","/1/Titulos/MRKD/CotizacionDetalle"
"cedears","MRNA","Cedear Moderna Inc.","bcba",,"3990","4115","3990","-2.68","0","4142.5","3957.5",,,"2026-04-24T19:57:39.723Z","1435.2518","/1/Titulos/MRNA/CotizacionDetalle"
"cedears","MRNAC","Cedear Moderna Inc.","bcba",,"2.49","2.49","2.49","0","0","0","0",,,"2026-04-24T04:01:08.937Z","1435.2518","/1/Titulos/MRNAC/CotizacionDetalle"
"cedears","MRNAD","Cedear Moderna Inc.","bcba",,"2.78","2.855","2.78","-5.92","0","2.89","2.795",,,"2026-04-24T19:37:59.800Z","1435.2518","/1/Titulos/MRNAD/CotizacionDetalle"
"cedears","MRSH","Cedears Marsh","bcba",,"15900","16070","15900","-1.11","0","16070","15890",,,"2026-04-24T19:54:15.520Z",,"/1/Titulos/MRSH/CotizacionDetalle"
"cedears","MRVL","Cedear Marvell Technology Inc","bcba",,"18000","18000","18000","3.56","0","18270","16780",,,"2026-04-24T19:59:59.577Z","1469.3878","/1/Titulos/MRVL/CotizacionDetalle"
"cedears","MRVLD","Cedear Marvell Technology Inc","bcba",,"12.25","12.47","12.25","0.4","0","12.58","11.67",,,"2026-04-24T19:54:38.977Z","1469.3878","/1/Titulos/MRVLD/CotizacionDetalle"
"cedears","MSFT","Cedear Microsoft Corp.","bcba",,"21190","20500","21190","3.36","0","21210","20500",,,"2026-04-24T19:59:59.927Z","1439.538","/1/Titulos/MSFT/CotizacionDetalle"
"cedears","MSFTC","Cedear Microsoft Corp.","bcba",,"14.26","14.02","14.26","2.81","0","14.21","13.96",,,"2026-04-24T18:44:22.610Z","1439.538","/1/Titulos/MSFTC/CotizacionDetalle"
"cedears","MSFTD","Cedear Microsoft Corp.","bcba",,"14.72","14.69","14.72","1.93","0","14.74","14.4",,,"2026-04-24T19:58:15.793Z","1439.538","/1/Titulos/MSFTD/CotizacionDetalle"
"cedears","MSI","Cedear Motorola Inc. Escrit.","bcba",,"32860","32740","32860","0.48","0","32800","32400",,,"2026-04-24T19:57:27.283Z",,"/1/Titulos/MSI/CotizacionDetalle"
"cedears","MSTR","Cedear Microstrategy Inc","bcba",,"12770","13100","12770","0.31","0","13120","12590",,,"2026-04-24T19:59:49.317Z","1434.8315","/1/Titulos/MSTR/CotizacionDetalle"
"cedears","MSTRC","Cedear Microstrategy Inc","bcba",,"8.5","8.52","8.5","-3.51","0","8.55","8.52",,,"2026-04-24T16:22:07.793Z","1434.8315","/1/Titulos/MSTRC/CotizacionDetalle"
"cedears","MSTRD","Cedear Microstrategy Inc","bcba",,"8.9","9.1","8.9","-0.66","0","9.1","8.8",,,"2026-04-24T19:53:54.150Z","1434.8315","/1/Titulos/MSTRD/CotizacionDetalle"
"cedears","MU","Cedear Micron Technology Inc","bcba",,"148700","147700","148700","5.31","0","150925","145500",,,"2026-04-24T19:59:34.097Z","1443.6893","/1/Titulos/MU/CotizacionDetalle"
"cedears","MUC","Cedear Micron Technology Inc","bcba",,"99.5","99.8","99.5","4.84","0","99.8","99.3",,,"2026-04-24T19:33:36.197Z","1443.6893","/1/Titulos/MUC/CotizacionDetalle"
"cedears","MUD","Cedear Micron Technology Inc","bcba",,"103","102","103","3.51","0","105","101.5",,,"2026-04-24T19:58:54.963Z","1443.6893","/1/Titulos/MUD/CotizacionDetalle"
"cedears","MUFG","Cedear Mitsubishi Ufj Financia","bcba",,"25860","25660","25860","1.09","0","25880","25660",,,"2026-04-24T19:53:41.610Z","1456.9014","/1/Titulos/MUFG/CotizacionDetalle"
"cedears","MUFGD","Cedear Mitsubishi Ufj Financia","bcba",,"17.75","17.75","17.75","0","0","0","0",,,"2026-04-24T04:00:36.120Z","1456.9014","/1/Titulos/MUFGD/CotizacionDetalle"
"cedears","MUX","Cedear Mcewen Mining Inc","bcba",,"18100","17360","18100","2.54","0","18090","17360",,,"2026-04-24T19:59:53.067Z","1442.2311","/1/Titulos/MUX/CotizacionDetalle"
"cedears","MUXC","Cedear Mcewen Mining Inc","bcba",,"13.51","13.51","13.51","0","0","0","0",,,"2026-04-24T04:01:09.267Z","1442.2311","/1/Titulos/MUXC/CotizacionDetalle"
"cedears","MUXD","Cedear Mcewen Mining Inc","bcba",,"12.55","12.2","12.55","-4.05","0","12.55","12.2",,,"2026-04-24T17:55:22.860Z","1442.2311","/1/Titulos/MUXD/CotizacionDetalle"
"cedears","NAT3D","Cedear Natura Cosmeticos Sa","bcba",,"1.7","1.7","1.7","0","0","0","0",,,"2026-04-24T04:00:52.523Z",,"/1/Titulos/NAT3D/CotizacionDetalle"
"cedears","NATU3","Cedear Natura Cosmeticos Sa","bcba",,"2990","2935","2990","0.84","0","3075","2935",,,"2026-04-24T19:28:11.493Z",,"/1/Titulos/NATU3/CotizacionDetalle"
"cedears","NEM","Cedear Neyymont Mining Corp.","bcba",,"60125","57625","60125","10.72","0","60200","57475",,,"2026-04-24T19:57:39.807Z","1476.9099","/1/Titulos/NEM/CotizacionDetalle"
"cedears","NEMD","Cedear Neyymont Mining Corp.","bcba",,"40.71","40.82","40.71","4.41","0","41.43","40.01",,,"2026-04-24T19:32:56.023Z","1476.9099","/1/Titulos/NEMD/CotizacionDetalle"
"cedears","NFLX","Cedear Netflix, Inc.","bcba",,"2885","2860","2885","0.61","0","2897.5","2840",,,"2026-04-24T19:59:52.847Z","1431.7618","/1/Titulos/NFLX/CotizacionDetalle"
"cedears","NFLXC","Cedear Netflix, Inc.","bcba",,"1.945","1.955","1.945","-0.76","0","1.955","1.955",,,"2026-04-24T19:41:42.283Z","1431.7618","/1/Titulos/NFLXC/CotizacionDetalle"
"cedears","NFLXD","Cedear Netflix, Inc.","bcba",,"2.015","2.035","2.015","0","0","2.07","1.99",,,"2026-04-24T19:57:09.530Z","1431.7618","/1/Titulos/NFLXD/CotizacionDetalle"
"cedears","NG","Cedear Novagold Resources Inc.","bcba",,"51500","51625","51500","-0.43","0","52500","51100",,,"2026-04-24T19:58:33.107Z","1144.9533","/1/Titulos/NG/CotizacionDetalle"
"cedears","NGD","Cedear Novagold Resources Inc.","bcba",,"44.98","44.98","44.98","0","0","44.98","44.98",,,"2026-04-24T04:00:59.180Z","1144.9533","/1/Titulos/NGD/CotizacionDetalle"
"cedears","NGG","Cedears De National Grid Plc","bcba",,"62200","63025","62200","0","0","63025","63025",,,"2026-04-24T04:00:25.063Z",,"/1/Titulos/NGG/CotizacionDetalle"
"cedears","NIO","Cedear Nio Inc.","bcba",,"2317","2285","2317","0.78","0","2328","2260",,,"2026-04-24T19:58:58.643Z","1434.6749","/1/Titulos/NIO/CotizacionDetalle"
"cedears","NIOC","Cedear Nio Inc.","bcba",,"1.54","1.54","1.54","-1.59","0","1.54","1.54",,,"2026-04-24T14:14:13.350Z","1434.6749","/1/Titulos/NIOC/CotizacionDetalle"
"cedears","NIOD","Cedear Nio Inc.","bcba",,"1.615","1.595","1.615","-0.61","0","1.64","1.55",,,"2026-04-24T19:40:27.040Z","1434.6749","/1/Titulos/NIOD/CotizacionDetalle"
"cedears","NKE","Cedear Nike Inc.","bcba",,"5570","5510","5570","1.08","0","5635","5510",,,"2026-04-24T19:59:50.037Z","1420.9184","/1/Titulos/NKE/CotizacionDetalle"
"cedears","NKEC","Cedear Nike Inc.","bcba",,"3.765","3.765","3.765","-1.69","0","3.765","3.765",,,"2026-04-24T16:45:36.967Z","1420.9184","/1/Titulos/NKEC/CotizacionDetalle"
"cedears","NKED","Cedear Nike Inc.","bcba",,"3.92","3.845","3.92","1.03","0","3.94","3.845",,,"2026-04-24T19:56:25.907Z","1420.9184","/1/Titulos/NKED/CotizacionDetalle"
"cedears","NMR","Cedear Nomura Holdings Inc","bcba",,"11790","11620","11790","-6.13","0","11760","11580",,,"2026-04-24T19:51:20.273Z",,"/1/Titulos/NMR/CotizacionDetalle"
"cedears","NOKA","Cedear Nokia Corporation","bcba",,"15650","15500","15650","3.16","0","15840","15440",,,"2026-04-24T19:56:13.473Z",,"/1/Titulos/NOKA/CotizacionDetalle"
"cedears","NOW","Cedear Servicenow Inc","bcba",,"789","756","789","7.42","0","791.5","737",,,"2026-04-24T19:59:28.510Z","1461.1111","/1/Titulos/NOW/CotizacionDetalle"
"cedears","NOWD","Cedear Servicenow Inc","bcba",,"0.54","0.51","0.54","3.84","0","0.549","0.51",,,"2026-04-24T19:53:52.687Z","1461.1111","/1/Titulos/NOWD/CotizacionDetalle"
"cedears","NTES","Cedear Netease, Inc.","bcba",,"11780","11660","11780","1.55","0","11830","11610",,,"2026-04-24T19:59:49.020Z","1346.2857","/1/Titulos/NTES/CotizacionDetalle"
"cedears","NTESD","Cedear Netease, Inc.","bcba",,"8.75","8.9","8.75","0","0","0","0",,,"2026-04-24T04:00:50.797Z","1346.2857","/1/Titulos/NTESD/CotizacionDetalle"
"cedears","NU","Cedear Nu Holdings Ltd/Cayman","bcba",,"10870","10730","10870","1.77","0","10890","10550",,,"2026-04-24T19:59:59.893Z","1437.8307","/1/Titulos/NU/CotizacionDetalle"
"cedears","NUC","Cedear Nu Holdings Ltd/Cayman","bcba",,"7.32","7.33","7.32","0.27","0","7.35","7.23",,,"2026-04-24T19:45:37.910Z","1437.8307","/1/Titulos/NUC/CotizacionDetalle"
"cedears","NUD","Cedear Nu Holdings Ltd/Cayman","bcba",,"7.56","7.47","7.56","0.53","0","7.57","7.4",,,"2026-04-24T19:57:54.927Z","1437.8307","/1/Titulos/NUD/CotizacionDetalle"
"cedears","NUE","Cedear Nucor Corporation","bcba",,"20000","19590","20000","2.14","0","20030","19590",,,"2026-04-24T19:49:04.113Z",,"/1/Titulos/NUE/CotizacionDetalle"
"cedears","NVDA","Cedear Nvidia Corporation","bcba",,"12960","12370","12960","5.62","0","13090","12300",,,"2026-04-24T20:06:30.760Z","1441.6018","/1/Titulos/NVDA/CotizacionDetalle"
"cedears","NVDAC","Cedear Nvidia Corporation","bcba",,"8.69","8.36","8.69","4.57","0","8.8","8.36",,,"2026-04-24T18:43:05.050Z","1441.6018","/1/Titulos/NVDAC/CotizacionDetalle"
"cedears","NVDAD","Cedear Nvidia Corporation","bcba",,"8.99","8.66","8.99","4.41","0","9.12","8.66",,,"2026-04-24T19:59:49.327Z","1441.6018","/1/Titulos/NVDAD/CotizacionDetalle"
"cedears","NVS","Cedear Novartis Ag-Adr","bcba",,"54375","54000","54375","-0.13","0","54225","53700",,,"2026-04-24T19:47:47.603Z","1395.3041","/1/Titulos/NVS/CotizacionDetalle"
"cedears","NVSD","Cedear Novartis Ag-Adr","bcba",,"38.97","39.08","38.97","0","0","0","0",,,"2026-04-24T04:00:19.223Z","1395.3041","/1/Titulos/NVSD/CotizacionDetalle"
"cedears","NXE","Cedear Nexgen Energy","bcba",,"18450","18600","18450","-1.33","0","18750","18000",,,"2026-04-24T19:46:22.440Z","1397.7273","/1/Titulos/NXE/CotizacionDetalle"
"cedears","NXED","Cedear Nexgen Energy","bcba",,"13.2","13.2","13.2","0","0","13.2","13.2",,,"2026-04-24T04:00:50.797Z","1397.7273","/1/Titulos/NXED/CotizacionDetalle"
"cedears","OKLO","CEDEAR OKLO INC.","bcba",,"3772.5","4225","3772.5","-5.09","0","4275","3772.5",,,"2026-04-24T19:59:57.943Z","1448.1766","/1/Titulos/OKLO/CotizacionDetalle"
"cedears","OKLOD","Cedear Oklo Inc.","bcba",,"2.605","2.98","2.605","-6.96","0","2.98","2.65",,,"2026-04-24T19:58:05.747Z","1448.1766","/1/Titulos/OKLOD/CotizacionDetalle"
"cedears","ORCL","Cedear Oracle Corporation","bcba",,"86375","89025","86375","-0.57","0","89025","83875",,,"2026-04-24T19:59:50.580Z","1432.4212","/1/Titulos/ORCL/CotizacionDetalle"
"cedears","ORCLC","Cedear Oracle Corporation","bcba",,"62.3","57.1","62.3","0","0","0","0",,,"2026-04-24T04:00:50.987Z","1432.4212","/1/Titulos/ORCLC/CotizacionDetalle"
"cedears","ORCLD","Cedear Oracle Corporation","bcba",,"60.3","63","60.3","-3.52","0","63","58.8",,,"2026-04-24T19:58:35.653Z","1432.4212","/1/Titulos/ORCLD/CotizacionDetalle"
"cedears","ORLY","Cedear O'reilly Automotive Inc","bcba",,"633.5","625","633.5","1.36","0","634.5","603.5",,,"2026-04-24T19:56:39.437Z","1473.2558","/1/Titulos/ORLY/CotizacionDetalle"
"cedears","ORLYC","Cedear O'reilly Automotive Inc","bcba",,"0.423","0.415","0.423","1.92","0","0","0",,,"2026-04-08T14:43:05.070Z","1473.2558","/1/Titulos/ORLYC/CotizacionDetalle"
"cedears","ORLYD","Cedear O'reilly Automotive Inc","bcba",,"0.43","0.449","0.43","-4.23","0","0","0",,,"2026-04-24T19:42:33.710Z","1473.2558","/1/Titulos/ORLYD/CotizacionDetalle"
"cedears","OXY","Cedear Occidental Petroleum Corporation","bcba",,"17050","17120","17050","-0.23","0","17120","16810",,,"2026-04-24T19:59:43.770Z","1433.9781","/1/Titulos/OXY/CotizacionDetalle"
"cedears","OXYC","Cedear Occidental Petroleum Corp","bcba",,"12.63","12.63","12.63","0","0","0","0",,,"2026-04-24T04:00:38.127Z","1433.9781","/1/Titulos/OXYC/CotizacionDetalle"
"cedears","OXYD","Cedear Occidental Petroleum Corp","bcba",,"11.89","12.03","11.89","-1.16","0","12.03","11.71",,,"2026-04-24T19:58:54.047Z","1433.9781","/1/Titulos/OXYD/CotizacionDetalle"
"cedears","PAAS","Cedear Pan American Silver Cor","bcba",,"27940","27260","27940","2.72","0","27980","27080",,,"2026-04-24T19:58:46.017Z","1444.6743","/1/Titulos/PAAS/CotizacionDetalle"
"cedears","PAASC","Cedear Pan American Silver Corp","bcba",,"18.4","18.4","18.4","0","0","0","0",,,"2026-04-24T04:00:20.690Z","1444.6743","/1/Titulos/PAASC/CotizacionDetalle"
"cedears","PAASD","Cedear Pan American Silver Corp","bcba",,"19.34","18.98","19.34","1.46","0","19.45","18.77",,,"2026-04-24T18:44:25.360Z","1444.6743","/1/Titulos/PAASD/CotizacionDetalle"
"cedears","PAC","Cedear Grupo Aeroportuario Del","bcba",,"24990","24750","24990","3.77","0","25140","24750",,,"2026-04-24T19:56:15.770Z",,"/1/Titulos/PAC/CotizacionDetalle"
"cedears","PAGS","Cedear Pagseguro Digital Ltd","bcba",,"5105","5035","5105","1.49","0","5145","4945",,,"2026-04-24T19:57:52.217Z","1444.1301","/1/Titulos/PAGS/CotizacionDetalle"
"cedears","PAGSD","Cedear Pagseguro Digital Ltd","bcba",,"3.535","3.5","3.535","0.14","0","3.585","3.5",,,"2026-04-24T19:52:46.733Z","1444.1301","/1/Titulos/PAGSD/CotizacionDetalle"
"cedears","PANW","Cedear Palo Alto Networks Inc.","bcba",,"5335","5100","5335","4.81","0","5365","5100",,,"2026-04-24T19:59:54.467Z","1434.1398","/1/Titulos/PANW/CotizacionDetalle"
"cedears","PANWC","Cedear Palo Alto Networks Inc.","bcba",,"3.255","3.255","3.255","0","0","0","0",,,"2026-04-24T04:00:38.173Z","1434.1398","/1/Titulos/PANWC/CotizacionDetalle"
"cedears","PANWD","Cedear Palo Alto Networks Inc.","bcba",,"3.72","3.605","3.72","4.34","0","3.735","3.605",,,"2026-04-24T18:13:40.590Z","1434.1398","/1/Titulos/PANWD/CotizacionDetalle"
"cedears","PATH","Cedear Uipath Inc","bcba",,"7745","7455","7745","4.3","0","7740","7360",,,"2026-04-24T19:58:03.837Z","1469.6395","/1/Titulos/PATH/CotizacionDetalle"
"cedears","PATHC","Cedear Uipath Inc","bcba",,"6.5","0","6.5","0","0","0","0",,,"2026-02-02T16:56:22.083Z","1469.6395","/1/Titulos/PATHC/CotizacionDetalle"
"cedears","PATHD","Cedear Uipath Inc","bcba",,"5.27","5.6","5.27","-5.89","0","0","0",,,"2026-04-24T17:14:03.393Z","1469.6395","/1/Titulos/PATHD/CotizacionDetalle"
"cedears","PBI","Cedear Pitney Bowes Inc.","bcba",,"23280","22990","23280","3","0","23320","22780",,,"2026-04-24T19:49:30.253Z",,"/1/Titulos/PBI/CotizacionDetalle"
"cedears","PBR","Cedear Petroleo Brasileiro S.A","bcba",,"31200","31040","31200","1.17","0","31180","30460",,,"2026-04-24T19:59:55.320Z","1449.8141","/1/Titulos/PBR/CotizacionDetalle"
"cedears","PBRC","Cedear Petroleo Brasileiro S.A","bcba",,"20.55","20.9327","20.55","-1.82","0","0","0",,,"2026-04-24T17:42:07.560Z","1449.8141","/1/Titulos/PBRC/CotizacionDetalle"
"cedears","PBRD","Cedear Petroleo Brasileiro S.A","bcba",,"21.52","21.61","21.52","-0.41","0","21.63","21.24",,,"2026-04-24T19:54:24.233Z","1449.8141","/1/Titulos/PBRD/CotizacionDetalle"
"cedears","PCAR","Cedear Paccar Inc.","bcba",,"63225","61975","63225","1.11","0","63275","61925",,,"2026-04-24T19:56:15.123Z","1420.7865","/1/Titulos/PCAR/CotizacionDetalle"
"cedears","PCARD","Cedear Paccar Inc.","bcba",,"44.5","43.18","44.5","0","0","0","0",,,"2026-04-24T04:00:59.970Z","1420.7865","/1/Titulos/PCARD/CotizacionDetalle"
"cedears","PDD","Cedear Pdd Holdings Inc","bcba",,"5875","5795","5875","1.9","0","5875","5755",,,"2026-04-24T19:56:17.050Z",,"/1/Titulos/PDD/CotizacionDetalle"
"cedears","PDDC","Cedear Pdd Holdings Inc","bcba",,"3.97","4.17","3.97","-4.79","0","0","0",,,"2026-04-23T16:53:00.493Z",,"/1/Titulos/PDDC/CotizacionDetalle"
"cedears","PDDD","Cedear Pdd Holdings Inc","bcba",,"4.065","4.07","4.065","0","0","4.07","4.065",,,"2026-04-24T17:21:13.600Z",,"/1/Titulos/PDDD/CotizacionDetalle"
"cedears","PEP","Cedear Pepsico Inc.","bcba",,"12940","12710","12940","1.33","0","12940","12710",,,"2026-04-24T19:56:18.987Z","1442.5864","/1/Titulos/PEP/CotizacionDetalle"
"cedears","PEPC","Cedear Pepsico Inc.","bcba",,"8.62","8.8","8.62","-2.04","0","0","0",,,"2026-04-24T15:58:32.790Z","1442.5864","/1/Titulos/PEPC/CotizacionDetalle"
"cedears","PEPD","Cedear Pepsico Inc.","bcba",,"8.97","9.03","8.97","-1.1","0","9.15","8.96",,,"2026-04-24T19:42:30.700Z","1442.5864","/1/Titulos/PEPD/CotizacionDetalle"
"cedears","PETR3","Cedear Petroleo Brasileiro S.A","bcba",,"15400","15540","15400","0.2","0","15550","14570",,,"2026-04-24T19:57:31.557Z",,"/1/Titulos/PETR3/CotizacionDetalle"
"cedears","PETRC","Cedear Petroleo Brasileiro S.A","bcba",,"6.16","6.16","6.16","0","0","6.16","6.16",,,"2026-04-24T04:00:48.917Z",,"/1/Titulos/PETRC/CotizacionDetalle"
"cedears","PETRD","Cedear Petroleo Brasileiro S.A","bcba",,"11.19","10.8595","11.19","3.04","0","0","0",,,"2026-04-24T13:52:28.063Z",,"/1/Titulos/PETRD/CotizacionDetalle"
"cedears","PFE","Cedear Pfizer Inc.","bcba",,"10060","9850","10060","2.75","0","10150","9840",,,"2026-04-24T19:59:57.963Z","1428.9773","/1/Titulos/PFE/CotizacionDetalle"
"cedears","PFEC","Cedear Pfizer Inc.","bcba",,"6.63","6.63","6.63","0","0","0","0",,,"2026-04-24T04:01:00.087Z","1428.9773","/1/Titulos/PFEC/CotizacionDetalle"
"cedears","PFED","Cedear Pfizer Inc.","bcba",,"7.04","6.89","7.04","1.29","0","7.05","6.89",,,"2026-04-24T19:11:20.140Z","1428.9773","/1/Titulos/PFED/CotizacionDetalle"
"cedears","PG","Cedear Procter & Gamble","bcba",,"14790","14880","14790","3.55","0","14930","14730",,,"2026-04-24T19:59:46.373Z","1450","/1/Titulos/PG/CotizacionDetalle"
"cedears","PGC","Cedear Procter & Gamble","bcba",,"9.94","10.03","9.94","1.66","0","10.03","10.03",,,"2026-04-24T18:49:45.843Z","1450","/1/Titulos/PGC/CotizacionDetalle"
"cedears","PGD","Cedear Procter & Gamble","bcba",,"10.2","10.25","10.2","0.44","0","10.45","10.04",,,"2026-04-24T19:56:00.410Z","1450","/1/Titulos/PGD/CotizacionDetalle"
"cedears","PHG","Cedear Royal Philips Electronics","bcba",,"8220","8085","8220","0.06","0","8165","8085",,,"2026-04-24T18:34:29.570Z",,"/1/Titulos/PHG/CotizacionDetalle"
"cedears","PINS","Cedear Pinterest Inc.","bcba",,"4230","4157.5","4230","3.54","0","4230","4132.5",,,"2026-04-24T19:54:01.393Z","1461.1399","/1/Titulos/PINS/CotizacionDetalle"
"cedears","PINSD","Cedear Pinterest Inc.","bcba",,"2.895","2.86","2.895","0.87","0","2.86","2.86",,,"2026-04-24T18:36:53.977Z","1461.1399","/1/Titulos/PINSD/CotizacionDetalle"
"cedears","PKS","Cedear Posco","bcba",,"35100","34700","35100","4.21","0","35120","34200",,,"2026-04-24T19:44:34.630Z",,"/1/Titulos/PKS/CotizacionDetalle"
"cedears","PLTR","Cedear Palantir Technologies Inc","bcba",,"71250","69500","71250","2.22","0","71500","68975",,,"2026-04-24T19:59:41.723Z","1425","/1/Titulos/PLTR/CotizacionDetalle"
"cedears","PLTRC","Cedear Palantir Technologies Inc","bcba",,"49.22","49.1","49.22","0","0","0","0",,,"2026-04-24T04:00:43.787Z","1425","/1/Titulos/PLTRC/CotizacionDetalle"
"cedears","PLTRD","Cedear Palantir Technologies Inc","bcba",,"50","48.9","50","2.22","0","50.2","48.17",,,"2026-04-24T19:50:09.580Z","1425","/1/Titulos/PLTRD/CotizacionDetalle"
"cedears","PM","Cedear Philip Morris International","bcba",,"13600","13860","13600","-2.85","0","14060","13500",,,"2026-04-24T19:58:09.857Z","1415.1925","/1/Titulos/PM/CotizacionDetalle"
"cedears","PMD","Cedear Philip Morris Internati","bcba",,"9.61","9.38","9.61","-2.63","0","9.81","9.38",,,"2026-04-24T19:10:17.417Z","1415.1925","/1/Titulos/PMD/CotizacionDetalle"
"cedears","PRIO3","Cedear Petro Rio S.A.","bcba",,"9215","9250","9215","-0.05","0","9280","9230",,,"2026-04-24T19:48:52.953Z",,"/1/Titulos/PRIO3/CotizacionDetalle"
"cedears","PSQ","Cedear Etf Proshares Short Qqq","bcba",,"5255","5250","5255","-0.75","0","5275","5220",,,"2026-04-24T19:59:36.640Z","1422.1922","/1/Titulos/PSQ/CotizacionDetalle"
"cedears","PSQC","Cedear Etf Proshares Short Qqq","bcba",,"4.1","0","4.1","0","0","0","0",,,"2026-02-11T19:00:25.190Z","1422.1922","/1/Titulos/PSQC/CotizacionDetalle"
"cedears","PSQD","Cedear Etf Proshares Short Qqq","bcba",,"3.695","3.67","3.695","-0.67","0","3.67","3.67",,,"2026-04-24T15:25:31.520Z","1422.1922","/1/Titulos/PSQD/CotizacionDetalle"
"cedears","PSX","Cedear Phillips 66","bcba",,"40600","40100","40600","3.25","0","40420","39940",,,"2026-04-24T19:57:24.807Z","1478.5142","/1/Titulos/PSX/CotizacionDetalle"
"cedears","PSXD","Cedear Phillips 66","bcba",,"27.46","27.92","27.46","0","0","0","0",,,"2026-04-24T04:00:20.777Z","1478.5142","/1/Titulos/PSXD/CotizacionDetalle"
"cedears","PYPL","Cedear Paypal Holdings, Inc","bcba",,"9425","9190","9425","2.55","0","9440","9180",,,"2026-04-24T19:57:48.753Z","1443.3384","/1/Titulos/PYPL/CotizacionDetalle"
"cedears","PYPLC","Cedear Paypal Holdings, Inc","bcba",,"6.51","6.39","6.51","0","0","0","0",,,"2026-04-24T04:00:43.963Z","1443.3384","/1/Titulos/PYPLC/CotizacionDetalle"
"cedears","PYPLD","Cedear Paypal Holdings, Inc","bcba",,"6.53","6.5","6.53","1.24","0","6.53","6.44",,,"2026-04-24T19:34:04.773Z","1443.3384","/1/Titulos/PYPLD/CotizacionDetalle"
"cedears","QCOM","Cedear Qualcom Incorporated","bcba",,"20220","19060","20220","12.52","0","20450","19060",,,"2026-04-24T19:59:31.530Z","1434.0426","/1/Titulos/QCOM/CotizacionDetalle"
"cedears","QCOMC","Cedear Qualcom Incorporated","bcba",,"12","12.39","12","-3.14","0","0","0",,,"2026-04-24T18:05:03.237Z","1434.0426","/1/Titulos/QCOMC/CotizacionDetalle"
"cedears","QCOMD","Cedear Qualcom Incorporated","bcba",,"14.1","13.64","14.1","9.55","0","14.4","13.26",,,"2026-04-24T19:57:20.877Z","1434.0426","/1/Titulos/QCOMD/CotizacionDetalle"
"cedears","QQQ","Cedear Invesco Qqq Trust","bcba",,"49700","48700","49700","3.32","0","49760","48500",,,"2026-04-24T19:59:57.933Z","1437.247","/1/Titulos/QQQ/CotizacionDetalle"
"cedears","QQQC","Cedear Invesco Qqq Trust","bcba",,"33.5","32.83","33.5","2.47","0","33.5","32.83",,,"2026-04-24T19:52:13.160Z","1437.247","/1/Titulos/QQQC/CotizacionDetalle"
"cedears","QQQD","Cedear Invesco Qqq Trust","bcba",,"34.58","34.51","34.58","1.7","0","34.58","33.78",,,"2026-04-24T19:58:02.507Z","1437.247","/1/Titulos/QQQD/CotizacionDetalle"
"cedears","RACE","Cedear Ferrari Nv","bcba",,"6350","6250","6350","0.15","0","6360","6245",,,"2026-04-24T19:49:02.020Z","1423.7668","/1/Titulos/RACE/CotizacionDetalle"
"cedears","RACEC","Cedear Ferrari Nv","bcba",,"4.32","4.23","4.32","0","0","0","0",,,"2026-04-24T04:01:12.820Z","1423.7668","/1/Titulos/RACEC/CotizacionDetalle"
"cedears","RACED","Cedear Ferrari Nv","bcba",,"4.46","4.4","4.46","-0.88","0","4.46","4.4",,,"2026-04-24T19:46:10.770Z","1423.7668","/1/Titulos/RACED/CotizacionDetalle"
"cedears","RBLX","Cedear Roblox Corp.","bcba",,"41880","40300","41880","2.24","0","42000","39120",,,"2026-04-24T19:59:05.343Z","1422.0713","/1/Titulos/RBLX/CotizacionDetalle"
"cedears","RBLXD","Cedear Roblox Corp.","bcba",,"29.45","27.5","29.45","1.9","0","28.93","26.5",,,"2026-04-24T19:40:39.863Z","1422.0713","/1/Titulos/RBLXD/CotizacionDetalle"
"cedears","RENT3","Cedear Localiza Rent A Car S.A","bcba",,"7280","7335","7280","-2.21","0","7335","7195",,,"2026-04-24T18:57:43.010Z",,"/1/Titulos/RENT3/CotizacionDetalle"
"cedears","RGTI","Cedear Rigetti Computing","bcba",,"12420","12560","12420","0.16","0","12620","12000",,,"2026-04-24T19:59:42.963Z","1444.186","/1/Titulos/RGTI/CotizacionDetalle"
"cedears","RGTIC","Cedear Rigetti Computing","bcba",,"9.86","7.32","9.86","34.69","0","0","0",,,"2026-04-17T18:58:27.720Z","1444.186","/1/Titulos/RGTIC/CotizacionDetalle"
"cedears","RGTID","Cedear Rigetti Computing","bcba",,"8.6","8.85","8.6","-1.26","0","8.85","8.4",,,"2026-04-24T19:44:58.023Z","1444.186","/1/Titulos/RGTID/CotizacionDetalle"
"cedears","RIO","Cedear Rio Tinto Plc Adr","bcba",,"18640","18230","18640","2.08","0","18680","18230",,,"2026-04-24T19:57:48.737Z","1443.842","/1/Titulos/RIO/CotizacionDetalle"
"cedears","RIOD","Cedear Rio Tinto Plc - Adr","bcba",,"12.91","12.8","12.91","0.85","0","13.01","12.8",,,"2026-04-24T19:50:18.033Z","1443.842","/1/Titulos/RIOD/CotizacionDetalle"
"cedears","RIOT","Cedear Riot Platforms Inc.","bcba",,"9285","9225","9285","4.44","0","9405","9085",,,"2026-04-24T19:59:47.753Z","1432.8704","/1/Titulos/RIOT/CotizacionDetalle"
"cedears","RIOTC","Cedear Riot Platforms Inc.","bcba",,"6.22","5.99","6.22","3.83","0","0","0",,,"2026-04-24T16:02:17.130Z","1432.8704","/1/Titulos/RIOTC/CotizacionDetalle"
"cedears","RIOTD","Cedear Riot Platforms Inc.","bcba",,"6.48","6.5","6.48","2.69","0","6.5","6.36",,,"2026-04-24T19:46:10.133Z","1432.8704","/1/Titulos/RIOTD/CotizacionDetalle"
"cedears","RKLB","CEDEAR ROCKET LAB CORP.","bcba",,"10000","10490","10000","-3.19","0","10640","9855",,,"2026-04-24T19:59:45.123Z","1447.178","/1/Titulos/RKLB/CotizacionDetalle"
"cedears","RKLBD","Cedear Rocket Lab Corp.","bcba",,"6.91","7.19","6.91","-3.35","0","7.19","6.61",,,"2026-04-24T19:59:18.333Z","1447.178","/1/Titulos/RKLBD/CotizacionDetalle"
"cedears","ROKU","Cedear Roku Inc.","bcba",,"13300","13230","13300","1.44","0","13230","12950",,,"2026-04-24T19:31:43.343Z","1466.3727","/1/Titulos/ROKU/CotizacionDetalle"
"cedears","ROKUD","Cedear Roku Inc.","bcba",,"9.07","9.07","9.07","0","0","0","0",,,"2026-04-24T04:01:07.603Z","1466.3727","/1/Titulos/ROKUD/CotizacionDetalle"
"cedears","ROST","Cedear Ross Stores, Inc.","bcba",,"84800","84475","84800","1.34","0","84475","84350",,,"2026-04-24T19:56:16.903Z","1430.0169","/1/Titulos/ROST/CotizacionDetalle"
"cedears","ROSTD","Cedear Ross Stores, Inc.","bcba",,"59.3","56.4","59.3","5.14","0","0","0",,,"2026-04-24T17:32:18.980Z","1430.0169","/1/Titulos/ROSTD/CotizacionDetalle"
"cedears","RSP","CEDEAR INVESCO S&P 500 EQUAL WEIGHT ETF","bcba",,"10090","10020","10090","1.1","0","10090","9995",,,"2026-04-24T19:55:01.130Z","1429.1785","/1/Titulos/RSP/CotizacionDetalle"
"cedears","RSPC","Cedear Invesco S&P 500 Equal Weight Etf","bcba",,"7.1","7.1","7.1","0","0","7.1","7.1",,,"2026-04-24T04:00:18.420Z","1429.1785","/1/Titulos/RSPC/CotizacionDetalle"
"cedears","RSPD","Cedear Invesco S&P 500 Equal Weight Etf","bcba",,"7.06","7.14","7.06","0","0","7.14","6.83",,,"2026-04-24T19:45:23.687Z","1429.1785","/1/Titulos/RSPD/CotizacionDetalle"
"cedears","RTX","Cedear Rtx Corporation","bcba",,"52250","52100","52250","-1.32","0","52275","51125",,,"2026-04-24T19:57:57.697Z","1421.7687","/1/Titulos/RTX/CotizacionDetalle"
"cedears","RTXD","Cedear Rtx Corporation","bcba",,"36.75","37.11","36.75","-1.07","0","37.11","35",,,"2026-04-24T19:43:47.437Z","1421.7687","/1/Titulos/RTXD/CotizacionDetalle"
"cedears","SAN","Cedear Banco Santander S.A.","bcba",,"71225","70500","71225","1.42","0","71225","70500",,,"2026-04-24T19:42:04.837Z","1404.8323","/1/Titulos/SAN/CotizacionDetalle"
"cedears","SAND","Cedear Banco Santander S.A.","bcba",,"50.7","51.7","50.7","0","0","0","0",,,"2026-04-24T04:00:59.783Z","1404.8323","/1/Titulos/SAND/CotizacionDetalle"
"cedears","SAP","Cedear Sap Se","bcba",,"43700","43120","43700","8.49","0","43840","42660",,,"2026-04-24T19:55:36.233Z","1420.6762","/1/Titulos/SAP/CotizacionDetalle"
"cedears","SAPD","Cedear Sap Se","bcba",,"30.76","29.13","30.76","7.4","0","30.76","29.13",,,"2026-04-24T19:49:32.113Z","1420.6762","/1/Titulos/SAPD/CotizacionDetalle"
"cedears","SATL","Cedear Satellogic Inc.","bcba",,"9260","10350","9260","-7.67","0","10370","9030",,,"2026-04-24T19:59:54.540Z","1424.6154","/1/Titulos/SATL/CotizacionDetalle"
"cedears","SATLC","Cedear Satellogic Inc.","bcba",,"7.07","7.1","7.07","0","0","0","0",,,"2026-04-24T04:00:21.670Z","1424.6154","/1/Titulos/SATLC/CotizacionDetalle"
"cedears","SATLD","Cedear Satellogic Inc.","bcba",,"6.5","7.15","6.5","-7.8","0","7.15","6.3",,,"2026-04-24T19:59:50.443Z","1424.6154","/1/Titulos/SATLD/CotizacionDetalle"
"cedears","SBS","Cedear Cia Sabesp","bcba",,"103350","103000","103350","0.33","0","0","0",,,"2026-04-24T18:20:57.093Z",,"/1/Titulos/SBS/CotizacionDetalle"
"cedears","SBSP3","Cedear Cia De Saneamiento Basi","bcba",,"51650","51575","51650","3.79","0","51575","51575",,,"2026-04-24T16:54:17.103Z",,"/1/Titulos/SBSP3/CotizacionDetalle"
"cedears","SBUX","Cedear Starbucks Corporation","bcba",,"12310","12160","12310","0.4","0","12350","12120",,,"2026-04-24T19:56:48.750Z","1434.7319","/1/Titulos/SBUX/CotizacionDetalle"
"cedears","SBUXC","Cedear Starbucks Corporation","bcba",,"7.94","7.97","7.94","0","0","0","0",,,"2026-04-24T04:00:51.767Z","1434.7319","/1/Titulos/SBUXC/CotizacionDetalle"
"cedears","SBUXD","Cedear Starbucks Corporation","bcba",,"8.58","8.45","8.58","-0.46","0","8.48","8.44",,,"2026-04-24T19:01:07.433Z","1434.7319","/1/Titulos/SBUXD/CotizacionDetalle"
"cedears","SCCO","Cedear Southern Copper Corp.","bcba",,"135125","135000","135125","0.37","0","136625","134625",,,"2026-04-24T19:56:14.450Z",,"/1/Titulos/SCCO/CotizacionDetalle"
"cedears","SCHW","Cedear Charles Schwab Corp.","bcba",,"9810","9810","9810","0","0","0","0",,,"2026-04-24T04:00:36.960Z",,"/1/Titulos/SCHW/CotizacionDetalle"
"cedears","SDA","Cedear Suncar Technology Group","bcba",,"1101","1143","1101","-3.5","0","1146","1095",,,"2026-04-24T19:58:24.583Z",,"/1/Titulos/SDA/CotizacionDetalle"
"cedears","SE","Cedear Sea Ltd.","bcba",,"4000","3872.5","4000","3.89","0","4020","3872.5",,,"2026-04-24T19:56:48.660Z","1457.1949","/1/Titulos/SE/CotizacionDetalle"
"cedears","SEC","Cedear Sea Ltd.","bcba",,"2.73","2.89","2.73","-5.53","0","0","0",,,"2026-04-23T14:27:43.537Z","1457.1949","/1/Titulos/SEC/CotizacionDetalle"
"cedears","SED","Cedear Sea Ltd.","bcba",,"2.745","2.65","2.745","2.42","0","2.78","2.65",,,"2026-04-24T15:44:45.550Z","1457.1949","/1/Titulos/SED/CotizacionDetalle"
"cedears","SH","Cedear Proshares  Short S&P500","bcba",,"6500","6450","6500","0.46","0","6505","6425",,,"2026-04-24T19:57:15.527Z","1431.7181","/1/Titulos/SH/CotizacionDetalle"
"cedears","SHC","Cedear Proshares  Short S&P500","bcba",,"4.535","4.515","4.535","0","0","0","0",,,"2026-04-24T04:00:43.910Z","1431.7181","/1/Titulos/SHC/CotizacionDetalle"
"cedears","SHD","Cedear Proshares  Short S&P500","bcba",,"4.54","4.615","4.54","-0.21","0","4.615","4.48",,,"2026-04-24T19:45:39.073Z","1431.7181","/1/Titulos/SHD/CotizacionDetalle"
"cedears","SHEL","Cedear Royal Dutch Shell Plc","bcba",,"66525","66400","66525","0.91","0","66675","66200",,,"2026-04-24T19:54:33.017Z","1439.6235","/1/Titulos/SHEL/CotizacionDetalle"
"cedears","SHELC","Cedear Royal Dutch Shell Plc","bcba",,"44.14","44.14","44.14","0","0","0","0",,,"2026-04-24T04:00:48.780Z","1439.6235","/1/Titulos/SHELC/CotizacionDetalle"
"cedears","SHELD","Shell Plc","bcba",,"46.21","47.08","46.21","-1.63","0","47.08","46.07",,,"2026-04-24T19:40:07.000Z","1439.6235","/1/Titulos/SHELD/CotizacionDetalle"
"cedears","SHOP","Cedear Shopify Inc.","bcba",,"1739","1700","1739","2.47","0","1760","1685",,,"2026-04-24T19:55:00.307Z","1455.2301","/1/Titulos/SHOP/CotizacionDetalle"
"cedears","SHOPC","Cedear Shopify Inc.","bcba",,"1.16","1.065","1.16","0","0","0","0",,,"2026-04-24T04:00:27.973Z","1455.2301","/1/Titulos/SHOPC/CotizacionDetalle"
"cedears","SHOPD","Cedear Shopify Inc.","bcba",,"1.195","1.21","1.195","0","0","1.21","1.175",,,"2026-04-24T18:41:39.337Z","1455.2301","/1/Titulos/SHOPD/CotizacionDetalle"
"cedears","SID","Cedear Companhia Siderurgica Nacional","bcba",,"15580","15340","15580","1.56","0","15580","15200",,,"2026-04-24T19:58:34.580Z",,"/1/Titulos/SID/CotizacionDetalle"
"cedears","SIDD","Cedear Companhia Siderurgica Nacional","bcba",,"11","10.95","11","0","0","10.95","10.95",,,"2026-04-24T19:54:26.097Z",,"/1/Titulos/SIDD/CotizacionDetalle"
"cedears","SIEGY","Cedear Siemens Ag Adr","bcba",,"4950","8050","4950","0","0","8050","8050",,,"2026-04-24T04:00:25.007Z",,"/1/Titulos/SIEGY/CotizacionDetalle"
"cedears","SLB","Cedear Schlumberger Limited","bcba",,"28060","27000","28060","3.92","0","28480","26280",,,"2026-04-24T19:58:36.797Z","1406.5163","/1/Titulos/SLB/CotizacionDetalle"
"cedears","SLBC","Cedear Schlumberger Limited","bcba",,"17.77","16.4","17.77","0","0","0","0",,,"2026-04-24T04:00:51.803Z","1406.5163","/1/Titulos/SLBC/CotizacionDetalle"
"cedears","SLBD","Cedear Schlumberger Limited","bcba",,"19.95","18.45","19.95","2.72","0","20","18.45",,,"2026-04-24T18:20:26.817Z","1406.5163","/1/Titulos/SLBD/CotizacionDetalle"
"cedears","SLV","Cedear Etf Ishares Silver Trus","bcba",,"17180","16800","17180","1.89","0","17290","16790",,,"2026-04-24T19:59:24.693Z","1443.6975","/1/Titulos/SLV/CotizacionDetalle"
"cedears","SLVC","Cedear Etf Ishares Silver Trus","bcba",,"11.5","11.4","11.5","-2.37","0","11.61","11.4",,,"2026-04-24T19:44:06.530Z","1443.6975","/1/Titulos/SLVC/CotizacionDetalle"
"cedears","SLVD","Cedear Etf Ishares Silver Trus","bcba",,"11.9","11.94","11.9","-1.4","0","11.98","11.84",,,"2026-04-24T19:59:40.370Z","1443.6975","/1/Titulos/SLVD/CotizacionDetalle"
"cedears","SMH","Cedear Van Eck Vectors Etf Tru","bcba",,"15170","14710","15170","6.75","0","15210","14710",,,"2026-04-24T19:59:40.457Z","1451.6746","/1/Titulos/SMH/CotizacionDetalle"
"cedears","SMHC","Cedear Van Eck Vectors Etf Tru","bcba",,"9.96","9.7","9.96","0","0","9.97","9.7",,,"2026-04-24T04:00:57.707Z","1451.6746","/1/Titulos/SMHC/CotizacionDetalle"
"cedears","SMHD","Cedear Van Eck Vectors Etf Tru","bcba",,"10.45","10.26","10.45","4.39","0","10.67","10.26",,,"2026-04-24T19:58:26.327Z","1451.6746","/1/Titulos/SMHD/CotizacionDetalle"
"cedears","SMSN","Cedear Samsung Electronics Co","bcba",,"0","0","0","0","0","0","0",,,"2024-02-20T06:00:42.623Z",,"/1/Titulos/SMSN/CotizacionDetalle"
"cedears","SNA","Cedear Snap-On Incorporated","bcba",,"94375","97050","94375","-1.92","0","97050","93950",,,"2026-04-24T19:49:47.077Z",,"/1/Titulos/SNA/CotizacionDetalle"
"cedears","SNAP","Cedear Snap Inc.","bcba",,"8450","8165","8450","4.25","0","8505","8165",,,"2026-04-24T19:21:59.163Z","1461.9377","/1/Titulos/SNAP/CotizacionDetalle"
"cedears","SNAPD","Cedear Snap Inc.","bcba",,"5.78","5.75","5.78","0.52","0","0","0",,,"2026-04-24T18:20:32.807Z","1461.9377","/1/Titulos/SNAPD/CotizacionDetalle"
"cedears","SNOW","Cedear Snowflake Inc","bcba",,"7005","6935","7005","-2.64","0","7050","6680",,,"2026-04-24T19:58:52.127Z","1426.6802","/1/Titulos/SNOW/CotizacionDetalle"
"cedears","SNOWC","Cedear Snowflake Inc","bcba",,"9.6","9.6","9.6","0","0","0","0",,,"2026-04-24T04:00:28.050Z","1426.6802","/1/Titulos/SNOWC/CotizacionDetalle"
"cedears","SNOWD","Cedear Snowflake Inc","bcba",,"4.91","4.97","4.91","-3.34","0","4.97","4.725",,,"2026-04-24T18:37:53.427Z","1426.6802","/1/Titulos/SNOWD/CotizacionDetalle"
"cedears","SONY","Cedear Sony Corporation","bcba",,"3780","3750","3780","0.33","0","3790","3712.5",,,"2026-04-24T19:59:49.343Z","1445.5067","/1/Titulos/SONY/CotizacionDetalle"
"cedears","SONYD","Cedear Sony Corporation","bcba",,"2.615","2.66","2.615","-1.69","0","0","0",,,"2026-04-24T15:41:50.653Z","1445.5067","/1/Titulos/SONYD/CotizacionDetalle"
"cedears","SPCE","Cedear Virgin Galactic Holdings Inc.","bcba",,"7775","7790","7775","-4.42","0","7820","7620",,,"2026-04-24T19:58:34.210Z",,"/1/Titulos/SPCE/CotizacionDetalle"
"cedears","SPGI","Cedear S&P Global Inc.","bcba",,"14530","14560","14530","0.97","0","14560","14380",,,"2026-04-24T19:54:07.283Z","1455.9118","/1/Titulos/SPGI/CotizacionDetalle"
"cedears","SPGID","Cedear S&P Global Inc.","bcba",,"9.98","10.12","9.98","-1.86","0","10.12","10.12",,,"2026-04-24T18:46:00.110Z","1455.9118","/1/Titulos/SPGID/CotizacionDetalle"
"cedears","SPHQ","CEDEAR INVERSCO S&P 500 QUALITY ETF","bcba",,"8625","8535","8625","2.19","0","8650","8500",,,"2026-04-24T19:56:17.793Z","1402.439","/1/Titulos/SPHQ/CotizacionDetalle"
"cedears","SPHQC","Cedear Inversco S&P 500 Quality Etf","bcba",,"5.83","5.81","5.83","0.34","0","0","0",,,"2026-04-24T17:01:32.247Z","1402.439","/1/Titulos/SPHQC/CotizacionDetalle"
"cedears","SPHQD","Cedear Inversco S&P 500 Quality Etf","bcba",,"6.15","6.15","6.15","2.67","0","6.15","6.15",,,"2026-04-24T18:08:13.707Z","1402.439","/1/Titulos/SPHQD/CotizacionDetalle"
"cedears","SPOT","Cedear Spotify Technology","bcba",,"27640","27200","27640","1.84","0","27780","26920",,,"2026-04-24T19:59:57.090Z","1429.1624","/1/Titulos/SPOT/CotizacionDetalle"
"cedears","SPOTC","Cedear Spotify Technology","bcba",,"17.47","17.48","17.47","0","0","17.48","17.48",,,"2026-04-24T04:00:28.050Z","1429.1624","/1/Titulos/SPOTC/CotizacionDetalle"
"cedears","SPOTD","Cedear Spotify Technology","bcba",,"19.34","18.92","19.34","1.25","0","19.54","18.85",,,"2026-04-24T19:20:45.300Z","1429.1624","/1/Titulos/SPOTD/CotizacionDetalle"
"cedears","SPXL","Cedear Direxion Daily S&P 500","bcba",,"14450","14080","14450","3.51","0","14500","14080",,,"2026-04-24T19:59:34.227Z","1434.9553","/1/Titulos/SPXL/CotizacionDetalle"
"cedears","SPXLC","Cedear Direxion Daily S&P 500","bcba",,"9.69","9.15","9.69","5.9","0","0","0",,,"2026-04-24T18:52:46.177Z","1434.9553","/1/Titulos/SPXLC/CotizacionDetalle"
"cedears","SPXLD","Cedear Direxion Daily S&P 500","bcba",,"10.07","9.83","10.07","2.54","0","10.09","9.83",,,"2026-04-24T19:37:20.897Z","1434.9553","/1/Titulos/SPXLD/CotizacionDetalle"
"cedears","SPY","Cedear Spdr S&P 500","bcba",,"53450","52750","53450","2.15","0","53525","52425",,,"2026-04-24T19:59:49.733Z","1437.6009","/1/Titulos/SPY/CotizacionDetalle"
"cedears","SPYC","Cedear Spdr S&P 500","bcba",,"35.78","35.39","35.78","1.21","0","36.35","35.39",,,"2026-04-24T19:20:49.450Z","1437.6009","/1/Titulos/SPYC/CotizacionDetalle"
"cedears","SPYD","Cedear Spdr S&P 500","bcba",,"37.18","37.05","37.18","1","0","37.19","36.77",,,"2026-04-24T19:59:46.307Z","1437.6009","/1/Titulos/SPYD/CotizacionDetalle"
"cedears","STLA","Cedear Stellantis Nv","bcba",,"2419","2410","2419","-1.06","0","2429","2372",,,"2026-04-24T19:59:03.577Z","1457.2289","/1/Titulos/STLA/CotizacionDetalle"
"cedears","STLAC","Cedear Stellantis Nv","bcba",,"1.62","1.475","1.62","9.83","0","0","0",,,"2026-04-24T18:46:32.837Z","1457.2289","/1/Titulos/STLAC/CotizacionDetalle"
"cedears","STLAD","Cedear Stellantis Nv","bcba",,"1.66","1.68","1.66","-2.63","0","1.685","1.6",,,"2026-04-24T19:34:56.747Z","1457.2289","/1/Titulos/STLAD/CotizacionDetalle"
"cedears","STNE","Cedear Stoneco Ltd","bcba",,"6105","6020","6105","4.1","0","6140","5860",,,"2026-04-24T19:59:37.793Z","1453.5714","/1/Titulos/STNE/CotizacionDetalle"
"cedears","STNED","Cedear Stoneco Ltd","bcba",,"4.2","4.305","4.2","1.81","0","4.305","4.155",,,"2026-04-24T19:50:26.827Z","1453.5714","/1/Titulos/STNED/CotizacionDetalle"
"cedears","SUZ","Cedear Suzano Papel E Celulose","bcba",,"13610","13570","13610","-1.44","0","13590","13570",,,"2026-04-24T19:37:20.833Z","1257.8558","/1/Titulos/SUZ/CotizacionDetalle"
"cedears","SUZB3","CEDEAR SUZANO S.A","bcba",,"13560","13840","13560","-2.02","0","0","0",,,"2026-04-24T13:52:15.343Z",,"/1/Titulos/SUZB3/CotizacionDetalle"
"cedears","SUZD","Cedear Suzano Papel E Celulose","bcba",,"10.82","10.82","10.82","0","0","0","0",,,"2026-04-24T04:00:48.627Z","1257.8558","/1/Titulos/SUZD/CotizacionDetalle"
"cedears","SWKS","Cedear Skyworks Solutions Inc.","bcba",,"4370","4235","4370","4.04","0","4450","4235",,,"2026-04-24T19:02:50.367Z","1421.1382","/1/Titulos/SWKS/CotizacionDetalle"
"cedears","SWKSD","Cedear Skyworks Solutions Inc.","bcba",,"3.075","3.075","3.075","0","0","0","0",,,"2026-04-24T04:01:07.627Z","1421.1382","/1/Titulos/SWKSD/CotizacionDetalle"
"cedears","SYY","Cedear Sysco Corporation","bcba",,"14350","14130","14350","2.72","0","14380","14110",,,"2026-04-24T19:56:50.180Z","1331.1688","/1/Titulos/SYY/CotizacionDetalle"
"cedears","SYYD","Cedear Sysco Corporation","bcba",,"10.78","10.78","10.78","0","0","10.78","10.78",,,"2026-04-24T04:00:49.567Z","1331.1688","/1/Titulos/SYYD/CotizacionDetalle"
"cedears","T","Cedear At & T Inc.","bcba",,"13060","13100","13060","-0.68","0","13100","12950",,,"2026-04-24T19:52:07.523Z","1439.9118","/1/Titulos/T/CotizacionDetalle"
"cedears","TC","Cedear At & T Inc.","bcba",,"8.92","8.61","8.92","0","0","0","0",,,"2026-04-24T04:01:13.027Z","1439.9118","/1/Titulos/TC/CotizacionDetalle"
"cedears","TCOM","Cedear Ctrip.Com International","bcba",,"39540","39380","39540","1.74","0","39380","39380",,,"2026-04-24T19:35:03.430Z","1235.625","/1/Titulos/TCOM/CotizacionDetalle"
"cedears","TCOMD","Cedear Ctrip.Com International","bcba",,"32","32","32","0","0","32","32",,,"2026-04-24T04:01:09.220Z","1235.625","/1/Titulos/TCOMD/CotizacionDetalle"
"cedears","TD","Cedear At & T Inc.","bcba",,"9.07","9.25","9.07","-1.94","0","9.25","9.04",,,"2026-04-24T18:34:47.563Z","1439.9118","/1/Titulos/TD/CotizacionDetalle"
"cedears","TEAM","Cedear Atlassian Corporation","bcba",,"2280","2175","2280","7.8","0","2292","2169",,,"2026-04-24T19:59:43.317Z","1461.5385","/1/Titulos/TEAM/CotizacionDetalle"
"cedears","TEAMD","Cedear Atlassian Corporation","bcba",,"1.56","1.505","1.56","-8.23","0","1.595","1.505",,,"2026-04-24T19:53:03.580Z","1461.5385","/1/Titulos/TEAMD/CotizacionDetalle"
"cedears","TEM","Cedear Tempus Ai Inc","bcba",,"6460","6325","6460","2.21","0","6550","6270",,,"2026-04-24T19:55:00.330Z","1441.9643","/1/Titulos/TEM/CotizacionDetalle"
"cedears","TEMD","Cedear Tempus Ai Inc","bcba",,"4.48","4.715","4.48","-4.98","0","0","0",,,"2026-04-24T14:29:34.830Z","1441.9643","/1/Titulos/TEMD/CotizacionDetalle"
"cedears","TEN","Cedear Tenaris S.A. (Ads)","bcba",,"94450","92975","94450","2.1","0","94850","92900",,,"2026-04-24T19:59:40.920Z","1437.5951","/1/Titulos/TEN/CotizacionDetalle"
"cedears","TENC","Cedear Tenaris S.A. (Ads)","bcba",,"54.7","54.5","54.7","0","0","0","0",,,"2026-04-24T04:01:09.040Z","1437.5951","/1/Titulos/TENC/CotizacionDetalle"
"cedears","TEND","Cedear Tenaris S.A. (Ads)","bcba",,"65.7","65.2","65.7","1.38","0","65.5","65.2",,,"2026-04-24T19:53:01.703Z","1437.5951","/1/Titulos/TEND/CotizacionDetalle"
"cedears","TGT","Cedear Target Corporation","bcba",,"8025","7950","8025","0.75","0","8030","7935",,,"2026-04-24T19:59:16.213Z","1443.3453","/1/Titulos/TGT/CotizacionDetalle"
"cedears","TGTC","Cedear Target Corporation","bcba",,"4.95","4.95","4.95","0","0","0","0",,,"2026-04-24T04:01:08.890Z","1443.3453","/1/Titulos/TGTC/CotizacionDetalle"
"cedears","TGTD","Cedear Target Corporation","bcba",,"5.56","5.56","5.56","-1.06","0","5.56","5.53",,,"2026-04-24T19:59:08.987Z","1443.3453","/1/Titulos/TGTD/CotizacionDetalle"
"cedears","TIMB","Cedear Tim Participacoes S.A.","bcba",,"39200","38940","39200","0.66","0","0","0",,,"2026-04-24T19:58:36.790Z","1407.5404","/1/Titulos/TIMB/CotizacionDetalle"
"cedears","TIMBD","Cedear Tim Participacoes S.A.","bcba",,"27.85","27.85","27.85","0","0","27.85","27.85",,,"2026-04-24T04:00:49.000Z","1407.5404","/1/Titulos/TIMBD/CotizacionDetalle"
"cedears","TIMS3","Cedear Tim S.A.","bcba",,"7620","7620","7620","0","0","0","0",,,"2026-04-24T04:00:42.023Z",,"/1/Titulos/TIMS3/CotizacionDetalle"
"cedears","TJX","Cedear Tjx Companies Inc.","bcba",,"10400","10300","10400","0.97","0","10300","10100",,,"2026-04-24T19:44:40.220Z",,"/1/Titulos/TJX/CotizacionDetalle"
"cedears","TM","Cedear Toyota Motor Corp.Adr","bcba",,"19170","19160","19170","-0.72","0","19220","19020",,,"2026-04-24T19:59:34.220Z","1435.9551","/1/Titulos/TM/CotizacionDetalle"
"cedears","TMC","Cedear Toyota Motor Corp.Adr","bcba",,"13.98","13.98","13.98","0","0","0","0",,,"2026-04-24T04:00:51.057Z","1435.9551","/1/Titulos/TMC/CotizacionDetalle"
"cedears","TMD","Cedear Toyota Motor Corp.Adr","bcba",,"13.35","13.46","13.35","-1.91","0","13.46","13.26",,,"2026-04-24T19:27:39.987Z","1435.9551","/1/Titulos/TMD/CotizacionDetalle"
"cedears","TMO","Cedear Thermo Fisher Scientific Inc","bcba",,"31900","31700","31900","1.72","0","32220","31480",,,"2026-04-24T19:46:51.107Z","1417.1479","/1/Titulos/TMO/CotizacionDetalle"
"cedears","TMOD","Cedear Thermo Fisher Scientifi","bcba",,"22.51","22.38","22.51","0.98","0","22.51","22.38",,,"2026-04-24T18:15:56.260Z","1417.1479","/1/Titulos/TMOD/CotizacionDetalle"
"cedears","TMUS","Cedear T-Mobile Us Inc.","bcba",,"8670","8605","8670","-0.28","0","8815","8605",,,"2026-04-24T19:54:39.167Z","1433.0579","/1/Titulos/TMUS/CotizacionDetalle"
"cedears","TMUSD","Cedear T-Mobile Us Inc.","bcba",,"6.05","6.04","6.05","-1.3","0","6.11","6.04",,,"2026-04-24T19:54:39.170Z","1433.0579","/1/Titulos/TMUSD/CotizacionDetalle"
"cedears","TQQQ","Cedear Proshares Ultrapro Qqq Etf","bcba",,"3725","3580","3725","7.34","0","3740","3580",,,"2026-04-24T19:59:49.287Z","1446.6019","/1/Titulos/TQQQ/CotizacionDetalle"
"cedears","TQQQC","Cedear Proshares Ultrapro Qqq Etf Usdc","bcba",,"2.18","2.18","2.18","0","0","0","0",,,"2026-04-24T04:00:52.207Z","1446.6019","/1/Titulos/TQQQC/CotizacionDetalle"
"cedears","TQQQD","CEDEAR PROSHARES ULTRAPRO QQQ ETF USD","bcba",,"2.575","2.515","2.575","5.53","0","2.595","2.515",,,"2026-04-24T19:32:19.607Z","1446.6019","/1/Titulos/TQQQD/CotizacionDetalle"
"cedears","TRIP","Cedear Tripadvisor, Inc.","bcba",,"8330","8005","8330","4.25","0","8330","8005",,,"2026-04-24T19:59:00.050Z","1498.2014","/1/Titulos/TRIP/CotizacionDetalle"
"cedears","TRIPD","Cedear Tripadvisor, Inc.","bcba",,"5.56","5.56","5.56","0","0","0","0",,,"2026-04-24T04:00:48.890Z","1498.2014","/1/Titulos/TRIPD/CotizacionDetalle"
"cedears","TRVV","Cedear Travelers Cos. Inc.","bcba",,"75200","75200","75200","0","0","0","0",,,"2026-04-24T04:00:10.790Z","1468.75","/1/Titulos/TRVV/CotizacionDetalle"
"cedears","TRVVD","Cedear Travelers Cos. Inc.","bcba",,"51.2","51.2","51.2","0","0","51.2","51.2",,,"2026-04-24T04:00:48.617Z","1468.75","/1/Titulos/TRVVD/CotizacionDetalle"
"cedears","TSLA","Cedear Tesla, Inc.","bcba",,"37560","36940","37560","1.95","0","37940","36660",,,"2026-04-24T19:59:49.377Z","1425.4269","/1/Titulos/TSLA/CotizacionDetalle"
"cedears","TSLAC","Cedear Tesla, Inc.","bcba",,"25.2","25.43","25.2","0.92","0","25.43","24.9",,,"2026-04-24T19:34:16.427Z","1425.4269","/1/Titulos/TSLAC/CotizacionDetalle"
"cedears","TSLAD","Cedear Tesla, Inc.","bcba",,"26.35","26","26.35","2.05","0","26.5","25.75",,,"2026-04-24T19:59:49.220Z","1425.4269","/1/Titulos/TSLAD/CotizacionDetalle"
"cedears","TSM","Cedear Taiwan Semic. Manuf.","bcba",,"66925","64525","66925","6.82","0","67775","64525",,,"2026-04-24T19:59:55.547Z","1447.027","/1/Titulos/TSM/CotizacionDetalle"
"cedears","TSMC","Cedear Taiwan Semic. Manuf.","bcba",,"43.89","42.12","43.89","4.2","0","0","0",,,"2026-04-24T13:33:11.263Z","1447.027","/1/Titulos/TSMC/CotizacionDetalle"
"cedears","TSMD","Cedear Taiwan Semic. Manuf.","bcba",,"46.25","45.3","46.25","5.37","0","47.65","45.3",,,"2026-04-24T19:59:46.990Z","1447.027","/1/Titulos/TSMD/CotizacionDetalle"
"cedears","TTE","Cedear Totalenergies  Se.","bcba",,"44840","44800","44840","0.58","0","44800","44380",,,"2026-04-24T19:45:38.043Z","1419.4365","/1/Titulos/TTE/CotizacionDetalle"
"cedears","TTED","Cedear Totalenergies  Se.","bcba",,"31.59","31","31.59","0","0","0","0",,,"2026-04-24T04:00:59.650Z","1419.4365","/1/Titulos/TTED/CotizacionDetalle"
"cedears","TV","Cedear Grupo Televisa Sa Adr","bcba",,"1542","1526","1542","0.98","0","1552","1497",,,"2026-04-24T19:59:25.153Z","1414.6789","/1/Titulos/TV/CotizacionDetalle"
"cedears","TVD","Cedear Grupo Televisa Sa Adr","bcba",,"1.09","1.09","1.09","0","0","1.09","1.09",,,"2026-04-24T04:00:23.053Z","1414.6789","/1/Titulos/TVD/CotizacionDetalle"
"cedears","TWLO","Cedear Twilio Inc.","bcba",,"5975","5870","5975","3.1","0","5965","5870",,,"2026-04-24T19:56:13.423Z","1462.6683","/1/Titulos/TWLO/CotizacionDetalle"
"cedears","TWLOD","Cedear Twilio Inc.","bcba",,"4.085","4.085","4.085","0","0","0","0",,,"2026-04-24T04:00:22.173Z","1462.6683","/1/Titulos/TWLOD/CotizacionDetalle"
"cedears","TXN","Cedear Texas Instruments Incor","bcba",,"82800","83000","82800","-0.39","0","83500","81075",,,"2026-04-24T19:51:44.497Z","1422.6804","/1/Titulos/TXN/CotizacionDetalle"
"cedears","TXND","Cedear Texas Instruments Incor","bcba",,"58.2","58.5","58.2","1.74","0","58.5","56.2",,,"2026-04-24T18:55:19.357Z","1422.6804","/1/Titulos/TXND/CotizacionDetalle"
"cedears","TXR","Cedear Ternium S.A.","bcba",,"16100","15700","16100","2.74","0","16190","15600",,,"2026-04-24T19:51:24.373Z","1434.9376","/1/Titulos/TXR/CotizacionDetalle"
"cedears","TXRC","Cedear Ternium S.A.","bcba",,"10.85","10.85","10.85","0","0","10.85","10.85",,,"2026-04-24T04:01:09.057Z","1434.9376","/1/Titulos/TXRC/CotizacionDetalle"
"cedears","TXRD","Cedear Ternium S.A.","bcba",,"11.22","10.98","11.22","2.27","0","11.22","10.96",,,"2026-04-24T18:16:32.270Z","1434.9376","/1/Titulos/TXRD/CotizacionDetalle"
"cedears","UAL","Cedear United Airlines Holding","bcba",,"27800","27140","27800","4.74","0","27700","27140",,,"2026-04-24T19:55:00.377Z","1433.7287","/1/Titulos/UAL/CotizacionDetalle"
"cedears","UALC","Cedear United Airlines Holding","bcba",,"20.75","20.75","20.75","0","0","0","0",,,"2026-04-24T04:00:21.630Z","1433.7287","/1/Titulos/UALC/CotizacionDetalle"
"cedears","UALD","Cedear United Airlines Holding","bcba",,"19.39","18.56","19.39","4.47","0","0","0",,,"2026-04-24T14:27:45.887Z","1433.7287","/1/Titulos/UALD/CotizacionDetalle"
"cedears","UBER","Cedear Uber Technologies Inc.","bcba",,"55875","54725","55875","2.05","0","55925","54725",,,"2026-04-24T19:59:28.123Z","1433.0598","/1/Titulos/UBER/CotizacionDetalle"
"cedears","UBERC","Cedear Uber Technologies Inc.","bcba",,"37.6","37.82","37.6","0","0","0","0",,,"2026-04-24T04:00:38.123Z","1433.0598","/1/Titulos/UBERC/CotizacionDetalle"
"cedears","UBERD","Cedear Uber Technologies Inc.","bcba",,"38.99","40.15","38.99","0.8","0","40.15","38.2",,,"2026-04-24T19:59:47.197Z","1433.0598","/1/Titulos/UBERD/CotizacionDetalle"
"cedears","UGP","Cedear Ultrapar Participagues","bcba",,"8600","8495","8600","1.11","0","8540","8485",,,"2026-04-24T19:46:34.700Z","1398.374","/1/Titulos/UGP/CotizacionDetalle"
"cedears","UGPD","Cedear Ultrapar Participacoes","bcba",,"6.15","6.15","6.15","0","0","0","0",,,"2026-04-24T04:00:44.217Z","1398.374","/1/Titulos/UGPD/CotizacionDetalle"
"cedears","UL","Cedear Unilever N.V.Ny Reg.Sha","bcba",,"29060","29020","29060","2.68","0","29140","28780",,,"2026-04-24T19:56:53.313Z","1434.3534","/1/Titulos/UL/CotizacionDetalle"
"cedears","ULD","Cedear Unilever N.V.Ny Reg.Sha","bcba",,"20.26","20.65","20.26","0.84","0","20.65","20.27",,,"2026-04-24T19:02:55.923Z","1434.3534","/1/Titulos/ULD/CotizacionDetalle"
"cedears","UNH","Cedear Unitedhealth Group Inc.","bcba",,"16060","15870","16060","1.45","0","16090","15810",,,"2026-04-24T19:59:29.020Z","1466.6667","/1/Titulos/UNH/CotizacionDetalle"
"cedears","UNHC","Cedear Unitedhealth Group Inc.","bcba",,"10.67","10.72","10.67","0","0","10.72","10.72",,,"2026-04-24T04:00:27.813Z","1466.6667","/1/Titulos/UNHC/CotizacionDetalle"
"cedears","UNHD","Cedear Unitedhealth Group Inc.","bcba",,"10.95","11.16","10.95","-1.61","0","11.17","10.95",,,"2026-04-24T19:57:33.680Z","1466.6667","/1/Titulos/UNHD/CotizacionDetalle"
"cedears","UNP","Cedear Union Pacific Corp","bcba",,"20150","20130","20150","1","0","20230","19960",,,"2026-04-24T19:32:55.457Z","1440.3145","/1/Titulos/UNP/CotizacionDetalle"
"cedears","UNPD","Cedear Union Pacific Corp","bcba",,"13.99","13.45","13.99","0","0","13.51","13.45",,,"2026-04-24T04:00:20.773Z","1440.3145","/1/Titulos/UNPD/CotizacionDetalle"
"cedears","UPST","Cedear Upstart Holdings Inc.","bcba",,"9995","9715","9995","3.41","0","10000","9675",,,"2026-04-24T19:56:15.837Z","1472.0177","/1/Titulos/UPST/CotizacionDetalle"
"cedears","UPSTC","Cedear Upstart Holdings Inc.","bcba",,"6.1","8.07","6.1","0","0","0","0",,,"2026-04-24T04:00:38.133Z","1472.0177","/1/Titulos/UPSTC/CotizacionDetalle"
"cedears","UPSTD","Cedear Upstart Holdings Inc.","bcba",,"6.79","6.97","6.79","0","0","6.97","6.67",,,"2026-04-24T04:00:21.767Z","1472.0177","/1/Titulos/UPSTD/CotizacionDetalle"
"cedears","URA","Cedear Global X Uranium Etf","bcba",,"16590","16860","16590","-0.3","0","17020","16530",,,"2026-04-24T19:59:00.037Z","1437.6083","/1/Titulos/URA/CotizacionDetalle"
"cedears","URAC","Cedear Global X Uranium Etf","bcba",,"11.53","11.6","11.53","0","0","11.6","11.6",,,"2026-04-24T04:00:57.950Z","1437.6083","/1/Titulos/URAC/CotizacionDetalle"
"cedears","URAD","Cedear Global X Uranium Etf","bcba",,"11.54","11.7","11.54","-1.78","0","11.96","11.49",,,"2026-04-24T19:48:55.370Z","1437.6083","/1/Titulos/URAD/CotizacionDetalle"
"cedears","URBN","Cedear Urban Outfitters, Inc.","bcba",,"54425","54600","54425","0","0","54625","54450",,,"2026-04-24T04:00:19.563Z","1381.3452","/1/Titulos/URBN/CotizacionDetalle"
"cedears","URBND","Cedear Urban Outfitters, Inc.","bcba",,"39.4","39.4","39.4","0","0","0","0",,,"2026-04-24T04:00:48.740Z","1381.3452","/1/Titulos/URBND/CotizacionDetalle"
"cedears","USB","Cedear U.S. Bancorp","bcba",,"16610","16720","16610","-0.24","0","16720","16570",,,"2026-04-24T19:57:52.223Z",,"/1/Titulos/USB/CotizacionDetalle"
"cedears","USO","Cedear United State Oil Fund L","bcba",,"13170","13020","13170","-0.97","0","13280","12820",,,"2026-04-24T19:59:31.217Z","1439.3443","/1/Titulos/USO/CotizacionDetalle"
"cedears","USOD","Cedear United State Oil Fund Lp","bcba",,"9.15","9.25","9.15","-2.45","0","9.25","8.96",,,"2026-04-24T19:27:09.170Z","1439.3443","/1/Titulos/USOD/CotizacionDetalle"
"cedears","V","Cedear Visa Inc","bcba",,"25760","25360","25760","1.57","0","25800","25100",,,"2026-04-24T19:59:57.023Z","1426.3566","/1/Titulos/V/CotizacionDetalle"
"cedears","VAL3D","Cedear Vale S.A.","bcba",,"13","13","13","0","0","13","13",,,"2026-04-24T04:00:42.307Z",,"/1/Titulos/VAL3D/CotizacionDetalle"
"cedears","VALE","Cedear Vale","bcba",,"12820","12650","12820","1.42","0","12880","12620",,,"2026-04-24T19:59:46.153Z","1450.2262","/1/Titulos/VALE/CotizacionDetalle"
"cedears","VALE3","Cedear Vale S.A.","bcba",,"25700","25580","25700","1.1","0","25680","25220",,,"2026-04-24T18:14:30.637Z",,"/1/Titulos/VALE3/CotizacionDetalle"
"cedears","VALEC","Cedear Vale","bcba",,"8.75","8.75","8.75","0","0","0","0",,,"2026-04-24T04:00:43.793Z","1450.2262","/1/Titulos/VALEC/CotizacionDetalle"
"cedears","VALED","Cedear Vale","bcba",,"8.84","8.82","8.84","-0.11","0","8.98","8.81",,,"2026-04-24T19:55:01.410Z","1450.2262","/1/Titulos/VALED/CotizacionDetalle"
"cedears","VC","Cedear Visa Inc","bcba",,"17.39","17.34","17.39","1.69","0","17.34","17.27",,,"2026-04-24T19:30:57.243Z","1426.3566","/1/Titulos/VC/CotizacionDetalle"
"cedears","VD","Cedear Visa Inc","bcba",,"18.06","17.68","18.06","1","0","18.03","17.61",,,"2026-04-24T19:58:56.537Z","1426.3566","/1/Titulos/VD/CotizacionDetalle"
"cedears","VEA","Cedear Vanguard Ftse Developed","bcba",,"10210","10020","10210","1.89","0","10210","10020",,,"2026-04-24T19:56:14.327Z","1440.0564","/1/Titulos/VEA/CotizacionDetalle"
"cedears","VEAC","Cedear Vanguard Ftse Developed","bcba",,"7.03","6.86","7.03","2.47","0","0","0",,,"2026-04-24T14:39:04.463Z","1440.0564","/1/Titulos/VEAC/CotizacionDetalle"
"cedears","VEAD","Cedear Vanguard Ftse Developed","bcba",,"7.09","7.21","7.09","0.28","0","7.21","7.02",,,"2026-04-24T18:48:05.977Z","1440.0564","/1/Titulos/VEAD/CotizacionDetalle"
"cedears","VIG","Cedear Etf Vanguard Dividend Appreciation","bcba",,"8720","8605","8720","1.39","0","8720","8605",,,"2026-04-24T19:58:24.877Z","1438.9439","/1/Titulos/VIG/CotizacionDetalle"
"cedears","VIGC","Cedear Etf Vanguard Dividend A","bcba",,"6.07","6.07","6.07","0","0","0","0",,,"2026-04-23T18:24:48.197Z","1438.9439","/1/Titulos/VIGC/CotizacionDetalle"
"cedears","VIGD","Cedear Etf Vanguard Dividend A","bcba",,"6.06","6.09","6.06","-0.98","0","6.09","6.05",,,"2026-04-24T19:35:12.303Z","1438.9439","/1/Titulos/VIGD/CotizacionDetalle"
"cedears","VIST","Cedear Vista Oil & Gas Sab De","bcba",,"35360","34800","35360","2.19","0","35380","34240",,,"2026-04-24T19:59:58.113Z","1446.2168","/1/Titulos/VIST/CotizacionDetalle"
"cedears","VISTC","Cedear Vista Oil & Gas Sab De","bcba",,"23.43","23.49","23.43","-0.97","0","23.5","23.11",,,"2026-04-24T19:10:02.333Z","1446.2168","/1/Titulos/VISTC/CotizacionDetalle"
"cedears","VISTD","Cedear Vista Oil & Gas Sab De","bcba",,"24.45","24.5","24.45","0.57","0","24.55","23.91",,,"2026-04-24T19:55:41.840Z","1446.2168","/1/Titulos/VISTD/CotizacionDetalle"
"cedears","VIV","Cedear Telefonica Brasil S.A.","bcba",,"23820","23850","23820","-0.12","0","23850","23850",,,"2026-04-24T16:18:51.773Z","1398.7082","/1/Titulos/VIV/CotizacionDetalle"
"cedears","VIVD","Cedear Telefonica Brasil S.A.","bcba",,"17.03","16.5","17.03","0","0","0","0",,,"2026-04-24T04:00:48.743Z","1398.7082","/1/Titulos/VIVD/CotizacionDetalle"
"cedears","VIVT3","Cedear Telefonica Brasil S.A.","bcba",,"11890","11730","11890","-0.25","0","12050","11730",,,"2026-04-24T18:19:47.820Z",,"/1/Titulos/VIVT3/CotizacionDetalle"
"cedears","VOD","Cedear Vodafone Group Plc.","bcba",,"23310","23350","23310","1.17","0","23370","23230",,,"2026-04-24T19:17:25.767Z",,"/1/Titulos/VOD/CotizacionDetalle"
"cedears","VODD","Cedear Vodafone Group Plc.","bcba",,"16.03","16.03","16.03","0","0","0","0",,,"2026-04-24T04:00:59.653Z",,"/1/Titulos/VODD/CotizacionDetalle"
"cedears","VRSN","Cedear Verisign, Inc.","bcba",,"66325","66075","66325","-2.42","0","66350","64775",,,"2026-04-24T19:49:01.983Z","1393.0897","/1/Titulos/VRSN/CotizacionDetalle"
"cedears","VRSND","Cedear Verisign, Inc.","bcba",,"47.61","47.61","47.61","0","0","0","0",,,"2026-04-24T04:00:59.780Z","1393.0897","/1/Titulos/VRSND/CotizacionDetalle"
"cedears","VRTX","Cedear Vertex Pharmaceuticals","bcba",,"6415","6365","6415","0.54","0","6400","6305",,,"2026-04-24T19:51:04.947Z","1431.9196","/1/Titulos/VRTX/CotizacionDetalle"
"cedears","VRTXD","Cedear Vertex Pharmaceuticals","bcba",,"4.48","4.58","4.48","-2.18","0","0","0",,,"2026-04-24T17:06:25.783Z","1431.9196","/1/Titulos/VRTXD/CotizacionDetalle"
"cedears","VST","Cedear Vistra Corporation","bcba",,"9480","8965","9480","6.33","0","9500","8965",,,"2026-04-24T19:58:34.880Z","1449.5413","/1/Titulos/VST/CotizacionDetalle"
"cedears","VSTD","Cedear Vistra Corporation","bcba",,"6.54","6.35","6.54","3.48","0","6.65","6.31",,,"2026-04-24T18:38:02.953Z","1449.5413","/1/Titulos/VSTD/CotizacionDetalle"
"cedears","VXX","Cedear Ipath Series B S&P 500 Vix Etf","bcba",,"8900","8725","8900","1.36","0","8925","8665",,,"2026-04-24T19:58:50.410Z","1435.4839","/1/Titulos/VXX/CotizacionDetalle"
"cedears","VXXD","CEDEAR IPATH SERIES B S&P 500 VIX ETF USD","bcba",,"6.2","6.2","6.2","0","0","6.2","6.2",,,"2026-04-24T04:00:52.227Z","1435.4839","/1/Titulos/VXXD/CotizacionDetalle"
"cedears","VZ","Cedear Verizon Communications","bcba",,"17410","17450","17410","-0.34","0","17620","17360",,,"2026-04-24T19:57:03.220Z","1438.843","/1/Titulos/VZ/CotizacionDetalle"
"cedears","VZC","Cedear Verizon Communications","bcba",,"11.71","11.41","11.71","2.62","0","0","0",,,"2026-04-24T13:44:53.917Z","1438.843","/1/Titulos/VZC/CotizacionDetalle"
"cedears","VZD","Cedear Verizon Communications","bcba",,"12.1","12.16","12.1","-1.62","0","12.18","12.14",,,"2026-04-24T19:53:51.813Z","1438.843","/1/Titulos/VZD/CotizacionDetalle"
"cedears","WBO","Cedear Weibo Corporation","bcba",,"2103","2047","2103","3.08","0","2104","2047",,,"2026-04-24T19:41:11.127Z","1322.6415","/1/Titulos/WBO/CotizacionDetalle"
"cedears","WBOD","Cedear Weibo Corporation","bcba",,"1.59","1.54","1.59","0","0","0","0",,,"2026-04-24T04:00:59.797Z","1322.6415","/1/Titulos/WBOD/CotizacionDetalle"
"cedears","WEGE3","Cedear Weg S.A.","bcba",,"14300","14500","14300","-1.37","0","0","0",,,"2026-04-24T19:09:07.460Z",,"/1/Titulos/WEGE3/CotizacionDetalle"
"cedears","WFC","Cedear Wells Fargo & Co","bcba",,"23740","23670","23740","-0.25","0","23860","23550",,,"2026-04-24T19:56:19.990Z",,"/1/Titulos/WFC/CotizacionDetalle"
"cedears","WFCC","Cedear Wells Fargo & Co","bcba",,"16.66","16.66","16.66","0","0","0","0",,,"2026-04-24T04:00:38.923Z",,"/1/Titulos/WFCC/CotizacionDetalle"
"cedears","WFCD","Cedear Wells Fargo & Co","bcba",,"16.46","16.91","16.46","-2.94","0","16.91","16.61",,,"2026-04-24T17:16:41.907Z",,"/1/Titulos/WFCD/CotizacionDetalle"
"cedears","WMT","Cedear Walmart Inc.","bcba",,"10830","10870","10830","-0.09","0","10870","10700",,,"2026-04-24T19:57:18.107Z","1447.861","/1/Titulos/WMT/CotizacionDetalle"
"cedears","WMTC","Cedear Walmart Inc.","bcba",,"7.25","7.19","7.25","0.13","0","7.19","7.19",,,"2026-04-24T18:49:13.560Z","1447.861","/1/Titulos/WMTC/CotizacionDetalle"
"cedears","WMTD","Cedear Walmart Inc.","bcba",,"7.48","7.6","7.48","-1.57","0","7.6","7.46",,,"2026-04-24T19:54:14.483Z","1447.861","/1/Titulos/WMTD/CotizacionDetalle"
"cedears","XLB","Cedear State Street Materials Select Sector Spdr E","bcba",,"4297.5","4215","4297.5","1.11","0","4325","4215",,,"2026-04-24T19:56:16.303Z","1444.5378","/1/Titulos/XLB/CotizacionDetalle"
"cedears","XLBC","Cedear The Materials Select Se","bcba",,"2.9","3.04","2.9","0","0","3.04","2.9",,,"2026-04-24T04:01:09.203Z","1444.5378","/1/Titulos/XLBC/CotizacionDetalle"
"cedears","XLBD","Cedear The Materials Select Sector Spdr","bcba",,"2.975","3","2.975","-1.16","0","3","2.97",,,"2026-04-24T19:14:06.580Z","1444.5378","/1/Titulos/XLBD/CotizacionDetalle"
"cedears","XLC","Cedear State Street Communication Services Select ","bcba",,"9065","9035","9065","-0.32","0","9115","9000",,,"2026-04-24T18:47:36.270Z",,"/1/Titulos/XLC/CotizacionDetalle"
"cedears","XLCC","Cedear The Communication Servi","bcba",,"5.79","6.1759","5.79","0","0","0","0",,,"2026-04-24T04:01:12.820Z",,"/1/Titulos/XLCC/CotizacionDetalle"
"cedears","XLCD","Cedear The Communication Services","bcba",,"6.46","6.47","6.46","0","0","6.47","6.41",,,"2026-04-24T04:00:43.263Z",,"/1/Titulos/XLCD/CotizacionDetalle"
"cedears","XLE","Cedear Energy Select Sector Sp","bcba",,"42540","42100","42540","1.14","0","42540","41760",,,"2026-04-24T19:58:39.840Z","1442.0339","/1/Titulos/XLE/CotizacionDetalle"
"cedears","XLEC","Cedear Energy Select Sector Sp","bcba",,"28.35","28.32","28.35","3.58","0","28.32","28.32",,,"2026-04-24T18:24:10.973Z","1442.0339","/1/Titulos/XLEC/CotizacionDetalle"
"cedears","XLED","Cedear Energy Select Sector Sp","bcba",,"29.5","29.37","29.5","-0.3","0","29.54","29.22",,,"2026-04-24T19:48:09.550Z","1442.0339","/1/Titulos/XLED/CotizacionDetalle"
"cedears","XLF","Cedear Financial Select Sector","bcba",,"38560","38160","38560","0.83","0","38580","38020",,,"2026-04-24T19:59:08.377Z","1438.806","/1/Titulos/XLF/CotizacionDetalle"
"cedears","XLFC","Cedear Financial Select Sector","bcba",,"26.68","26.68","26.68","2.69","0","26.68","26.68",,,"2026-04-24T17:38:57.010Z","1438.806","/1/Titulos/XLFC/CotizacionDetalle"
"cedears","XLFD","Cedear Financial Select Sector","bcba",,"26.8","26.89","26.8","-0.81","0","27.8","26.65",,,"2026-04-24T19:52:23.157Z","1438.806","/1/Titulos/XLFD/CotizacionDetalle"
"cedears","XLI","Cedear State Street Industrial Select Sector Spdr ","bcba",,"9190","9175","9190","-0.1","0","9230","9135",,,"2026-04-24T19:56:18.417Z","1442.7002","/1/Titulos/XLI/CotizacionDetalle"
"cedears","XLIC","Cedear The Industrial Select S","bcba",,"5.93","5.93","5.93","0","0","0","0",,,"2026-04-24T04:01:12.947Z","1442.7002","/1/Titulos/XLIC/CotizacionDetalle"
"cedears","XLID","Cedear The Industrial Select Sector Spdr","bcba",,"6.37","6.42","6.37","-0.77","0","6.48","6.37",,,"2026-04-24T18:40:59.907Z","1442.7002","/1/Titulos/XLID/CotizacionDetalle"
"cedears","XLK","Cedear State Street Technology Select Sector Spdr ","bcba",,"5220","5065","5220","4.4","0","5225","5065",,,"2026-04-24T19:59:33.243Z","1418.4783","/1/Titulos/XLK/CotizacionDetalle"
"cedears","XLKC","Cedear The Technology Select S","bcba",,"3.585","3.46","3.585","1.41","0","3.495","3.46",,,"2026-04-24T19:05:59.787Z","1418.4783","/1/Titulos/XLKC/CotizacionDetalle"
"cedears","XLKD","Cedear The Technology Select Sector Spdr","bcba",,"3.68","3.62","3.68","3.8","0","3.65","3.55",,,"2026-04-24T19:50:53.280Z","1418.4783","/1/Titulos/XLKD/CotizacionDetalle"
"cedears","XLP","Cedear State Street Consumer Staples Select Sector","bcba",,"7775","7700","7775","0.64","0","7810","7700",,,"2026-04-24T19:58:52.307Z","1431.86","/1/Titulos/XLP/CotizacionDetalle"
"cedears","XLPC","Cedear The Consumer Staples Select Sector Spdr","bcba",,"5.27","5.19","5.27","-0.18","0","5.19","5.19",,,"2026-04-24T16:52:08.857Z","1431.86","/1/Titulos/XLPC/CotizacionDetalle"
"cedears","XLPD","Cedear The Consumer Staples Select Sector Spdr","bcba",,"5.43","5.47","5.43","0.36","0","5.49","5.38",,,"2026-04-24T19:57:39.747Z","1431.86","/1/Titulos/XLPD/CotizacionDetalle"
"cedears","XLRE","Cedear State Street Real Estate Select Sector Spdr","bcba",,"7260","7255","7260","0.9","0","7320","7215",,,"2026-04-24T19:56:17.887Z","1440.4762","/1/Titulos/XLRE/CotizacionDetalle"
"cedears","XLREC","Cedear The Real Estate Select","bcba",,"5","5","5","0","0","0","0",,,"2026-04-24T13:36:40.263Z","1440.4762","/1/Titulos/XLREC/CotizacionDetalle"
"cedears","XLRED","Cedear The Real Estate Select","bcba",,"5.04","5.09","5.04","-0.78","0","5.09","5.09",,,"2026-04-24T18:18:26.607Z","1440.4762","/1/Titulos/XLRED/CotizacionDetalle"
"cedears","XLU","Cedear Utilities Select Sector","bcba",,"4617.5","4512.5","4617.5","1.59","0","4625","4502.5",,,"2026-04-24T19:57:25.203Z","1434.0062","/1/Titulos/XLU/CotizacionDetalle"
"cedears","XLUC","Cedear Utilities Select Sector","bcba",,"3.11","3.13","3.11","-0.63","0","0","0",,,"2026-04-23T16:41:34.947Z","1434.0062","/1/Titulos/XLUC/CotizacionDetalle"
"cedears","XLUD","Cedear Utilities Select Sector","bcba",,"3.22","3.22","3.22","1.57","0","3.23","3.22",,,"2026-04-24T18:50:18.823Z","1434.0062","/1/Titulos/XLUD/CotizacionDetalle"
"cedears","XLV","Cedear State Street Health Care Select Sector Spdr","bcba",,"7455","7460","7455","0","0","7465","7360",,,"2026-04-24T19:57:58.577Z","1430.9021","/1/Titulos/XLV/CotizacionDetalle"
"cedears","XLVC","Cedear The Health Care Select","bcba",,"5.02","5.03","5.02","-0.19","0","0","0",,,"2026-04-24T18:32:33.283Z","1430.9021","/1/Titulos/XLVC/CotizacionDetalle"
"cedears","XLVD","Cedear The Health Care Select Sector Spdr","bcba",,"5.21","5.32","5.21","-1.51","0","5.39","5.12",,,"2026-04-24T19:50:14.753Z","1430.9021","/1/Titulos/XLVD/CotizacionDetalle"
"cedears","XLY","Cedear State Street Consumer Discretionary Select ","bcba",,"4120","4040","4120","1.54","0","4135","4040",,,"2026-04-24T19:18:51.080Z","1460.9929","/1/Titulos/XLY/CotizacionDetalle"
"cedears","XLYC","Cedear The Consumer Discretion","bcba",,"2.67","2.67","2.67","0","0","2.67","2.67",,,"2026-04-24T04:01:12.950Z","1460.9929","/1/Titulos/XLYC/CotizacionDetalle"
"cedears","XLYD","Cedear The Consumer Discretionary Select Sector","bcba",,"2.82","2.865","2.82","0","0","2.885","2.865",,,"2026-04-24T04:00:43.250Z","1460.9929","/1/Titulos/XLYD/CotizacionDetalle"
"cedears","XME","CEDEAR STATE STREET SPDR S&P METALS & MINING ETF","bcba",,"5890","5805","5890","1.81","0","5905","5800",,,"2026-04-24T19:59:34.067Z","1427.8788","/1/Titulos/XME/CotizacionDetalle"
"cedears","XMED","Cedear State Street Spdr S&P Metals & Mining Etf","bcba",,"4.125","4.15","4.125","-1.66","0","4.15","4.095",,,"2026-04-24T18:20:22.443Z","1427.8788","/1/Titulos/XMED/CotizacionDetalle"
"cedears","XOM","Cedear Exxon Mobil Corporation","bcba",,"22210","22240","22210","0.09","0","22280","21840",,,"2026-04-24T19:56:19.003Z","1447.8488","/1/Titulos/XOM/CotizacionDetalle"
"cedears","XOMC","Cedear Exxon Mobil Corporation","bcba",,"14.69","14.9","14.69","-1.4","0","0","0",,,"2026-04-24T16:58:40.503Z","1447.8488","/1/Titulos/XOMC/CotizacionDetalle"
"cedears","XOMD","Cedear Exxon Mobil Corporation","bcba",,"15.34","15.53","15.34","-1.85","0","15.58","15.22",,,"2026-04-24T19:46:31.860Z","1447.8488","/1/Titulos/XOMD/CotizacionDetalle"
"cedears","XP","Cedear Xp Inc.","bcba",,"7360","7300","7360","1.65","0","7375","7130",,,"2026-04-24T19:59:06.157Z","1451.6765","/1/Titulos/XP/CotizacionDetalle"
"cedears","XPD","Cedear Xp Inc.","bcba",,"5.07","5","5.07","-1.36","0","5.13","5",,,"2026-04-24T19:47:30.080Z","1451.6765","/1/Titulos/XPD/CotizacionDetalle"
"cedears","XPEV","Cedear Xpeng Inc","bcba",,"6220","6040","6220","5.6","0","6235","6000",,,"2026-04-24T19:57:20.570Z","1438.1503","/1/Titulos/XPEV/CotizacionDetalle"
"cedears","XPEVD","Cedear Xpeng Inc","bcba",,"4.325","4.12","4.325","4.97","0","0","0",,,"2026-04-24T18:58:14.873Z","1438.1503","/1/Titulos/XPEVD/CotizacionDetalle"
"cedears","XROX","Cedear  Xerox Corporation","bcba",,"2345","2383","2345","-5.97","0","2440","2233",,,"2026-04-24T19:59:53.333Z","1254.0107","/1/Titulos/XROX/CotizacionDetalle"
"cedears","XROXD","Cedear  Xerox Corporation","bcba",,"1.87","1.87","1.87","0","0","0","0",,,"2026-04-24T04:00:50.670Z","1254.0107","/1/Titulos/XROXD/CotizacionDetalle"
"cedears","XYZ","Cedear Block Inc.","bcba",,"5370","5200","5370","4.67","0","5390","5180",,,"2026-04-24T19:42:56.223Z","1521.2465","/1/Titulos/XYZ/CotizacionDetalle"
"cedears","XYZC","Cedear Block Inc.","bcba",,"3.09","3.4","3.09","0","0","0","0",,,"2026-04-24T04:00:27.930Z","1521.2465","/1/Titulos/XYZC/CotizacionDetalle"
"cedears","XYZD","Cedear Block Inc.","bcba",,"3.53","3.725","3.53","-0.7","0","3.745","3.725",,,"2026-04-24T19:57:50.817Z","1521.2465","/1/Titulos/XYZD/CotizacionDetalle"
"cedears","YELP","Cedear Yelp Inc.","bcba",,"21210","20990","21210","1.04","0","0","0",,,"2026-04-24T15:27:15.507Z",,"/1/Titulos/YELP/CotizacionDetalle"
"cedears","YZCA","Cedear Yanzhou Coal Mining Co.","bcba",,"0.01","0.01","0.01","0","0","0","0",,,"2026-04-01T14:56:14.060Z",,"/1/Titulos/YZCA/CotizacionDetalle"
"cedears","ZM","Cedear Zoom Communications Inc","bcba",,"2932.5","2825","2932.5","4.26","0","2960","2820",,,"2026-04-24T19:58:56.760Z","1469.9248","/1/Titulos/ZM/CotizacionDetalle"
"cedears","ZMC","Cedear Zoom Communications Inc","bcba",,"1.92","1.92","1.92","0","0","0","0",,,"2026-04-24T04:00:27.830Z","1469.9248","/1/Titulos/ZMC/CotizacionDetalle"
"cedears","ZMD","Cedear Zoom Communications Inc","bcba",,"1.995","1.995","1.995","0","0","0","0",,,"2026-04-24T14:50:48.270Z","1469.9248","/1/Titulos/ZMD/CotizacionDetalle"
